Reported Date;Total Dead and Missing;Location Coordinates
Fri, 01/01/2021 - 12:00;2;29.36820243, -103.7272989
Sat, 01/02/2021 - 12:00;1;31.1745732, -105.3571764
Sat, 01/02/2021 - 12:00;7;35.97300155, 0.097709576
Sun, 01/03/2021 - 12:00;2;33.02654103, 13.33423606
Sun, 01/03/2021 - 12:00;2;33.02654103, 13.33423606
Sun, 01/03/2021 - 12:00;2;33.02654103, 13.33423606
Sun, 01/03/2021 - 12:00;1;33.02654103, 13.33423606
Sun, 01/03/2021 - 12:00;1;33.02654103, 13.33423606
Sun, 01/03/2021 - 12:00;12;-28.89352642, 27.89818156
Sun, 01/03/2021 - 12:00;1;36.33183667, 0.717642324
Sun, 01/03/2021 - 12:00;1;35.7694288, -0.7996491
Mon, 01/04/2021 - 12:00;1;35.4913096, -1.2197178
Mon, 01/04/2021 - 12:00;1;29.32804465, -100.9316879
Mon, 01/04/2021 - 12:00;7;8.629444874, -77.33744874
Tue, 01/05/2021 - 12:00;1;10.4302113, -75.5445593
Tue, 01/05/2021 - 12:00;4;28.2892937, -16.3786997
Tue, 01/05/2021 - 12:00;1;40.94315389, 26.34585211
Tue, 01/05/2021 - 12:00;1;31.43222381, -109.8928271
Tue, 01/05/2021 - 12:00;1;31.43222381, -109.8928271
Wed, 01/06/2021 - 12:00;1;0.8150687, -77.7165925
Wed, 01/06/2021 - 12:00;1;40.94447125, 26.35986622
Wed, 01/06/2021 - 12:00;2;35.1099953, -2.7307058
Wed, 01/06/2021 - 12:00;1;41.42192977, 26.6253197
Thu, 01/07/2021 - 12:00;1;27.75958328, -15.68554581
Thu, 01/07/2021 - 12:00;1;40.94382293, 26.35849293
Thu, 01/07/2021 - 12:00;10;35.14673478, -2.427162152
Thu, 01/07/2021 - 12:00;1;31.692633, -111.8142
Fri, 01/08/2021 - 12:00;1;28.713166, -100.5093583
Fri, 01/08/2021 - 12:00;2;35.17297089, -2.906640912
Fri, 01/08/2021 - 12:00;1;29.33161137, -100.9372101
Fri, 01/08/2021 - 12:00;1;28.697183, -100.3980824
Sat, 01/09/2021 - 12:00;1;28.7117767, -100.5134411
Sat, 01/09/2021 - 12:00;1;17.47226562, -91.42500125
Sat, 01/09/2021 - 12:00;1;32.678482, -115.985166
Sun, 01/10/2021 - 12:00;3;35.22517618, 11.15120828
Sun, 01/10/2021 - 12:00;1;27.8821317, -16.61265091
Sun, 01/10/2021 - 12:00;1;35.8859977, -5.3212788
Sun, 01/10/2021 - 12:00;1;35.9097178, -5.4004997
Sun, 01/10/2021 - 12:00;1;31.68276, -110.864752
Sun, 01/10/2021 - 12:00;1;27.21161534, 60.68482798
Mon, 01/11/2021 - 12:00;1;35.56733278, 11.81751055
Mon, 01/11/2021 - 12:00;1;32.51472, -111.8303
Mon, 01/11/2021 - 12:00;1;31.83375, -112.3743
Mon, 01/11/2021 - 12:00;1;32.542332, -112.343452
Tue, 01/12/2021 - 12:00;1;41.32424903, 26.4951148
Tue, 01/12/2021 - 12:00;1;35.8996913, -5.2794323
Wed, 01/13/2021 - 12:00;1;31.78536, -111.83111
Thu, 01/14/2021 - 12:00;1;41.66195052, 26.70196999
Thu, 01/14/2021 - 12:00;1;36.22571459, 36.50369628
Thu, 01/14/2021 - 12:00;1;30.564167, -104.1625
Thu, 01/14/2021 - 12:00;1;32.67996, -115.44769
Fri, 01/15/2021 - 12:00;1;31.33415, -110.11293
Sat, 01/16/2021 - 12:00;1;41.63564055, 26.4825442
Sat, 01/16/2021 - 12:00;1;26.87387748, -17.29929642
Sat, 01/16/2021 - 12:00;1;31.977452, -112.68819
Sat, 01/16/2021 - 12:00;1;29.47645121, 60.86744515
Sat, 01/16/2021 - 12:00;1;29.47645121, 60.86744515
Mon, 01/18/2021 - 12:00;3;37.10608588, -1.75887675
Mon, 01/18/2021 - 12:00;4;-17.8792941, -67.1556008
Tue, 01/19/2021 - 12:00;1;38.93846832, 26.17608376
Tue, 01/19/2021 - 12:00;43;32.97355156, 12.74816917
Tue, 01/19/2021 - 12:00;1;27.2269872, -98.1441714
Tue, 01/19/2021 - 12:00;1;31.963194, -112.16075
Wed, 01/20/2021 - 12:00;2;27.63856693, -18.07442612
Wed, 01/20/2021 - 12:00;1;27.41492993, -15.48831078
Wed, 01/20/2021 - 12:00;12;23.73083158, -15.96033042
Thu, 01/21/2021 - 12:00;1;30.55524, -104.70336
Fri, 01/22/2021 - 12:00;1;26.06148611, -98.79338179
Fri, 01/22/2021 - 12:00;2;26.06148611, -98.79338179
Fri, 01/22/2021 - 12:00;16;26.06148611, -98.79338179
Fri, 01/22/2021 - 12:00;1;50.5522319, 2.370908
Fri, 01/22/2021 - 12:00;1;32.67263, -115.3957
Sat, 01/23/2021 - 12:00;1;16.57222643, -95.10682307
Sat, 01/23/2021 - 12:00;1;31.648472, -111.257167
Sun, 01/24/2021 - 12:00;1;37.2141382, 0.39183721
Sun, 01/24/2021 - 12:00;2;33.03608223, 13.17554545
Sun, 01/24/2021 - 12:00;2;33.03608223, 13.17554545
Sun, 01/24/2021 - 12:00;1;33.03608223, 13.17554545
Sun, 01/24/2021 - 12:00;2;33.03608223, 13.17554545
Sun, 01/24/2021 - 12:00;8;33.03608223, 13.17554545
Sun, 01/24/2021 - 12:00;2;33.03608223, 13.17554545
Sun, 01/24/2021 - 12:00;1;10.9731583, -74.7804278
Sun, 01/24/2021 - 12:00;1;20.4602715, -100.6224706
Sun, 01/24/2021 - 12:00;1;31.463389, -109.076444
Mon, 01/25/2021 - 12:00;1;9.635836971, -73.78683013
Mon, 01/25/2021 - 12:00;1;36.69594666, 27.67600565
Mon, 01/25/2021 - 12:00;1;32.131, -113.237833
Tue, 01/26/2021 - 12:00;2;35.42653878, -1.248246587
Tue, 01/26/2021 - 12:00;2;32.9234588, 12.0775411
Tue, 01/26/2021 - 12:00;1;35.8432765, -5.3610346
Tue, 01/26/2021 - 12:00;1;28.4242507, -100.7646846
Tue, 01/26/2021 - 12:00;1;35.68940913, 51.38958967
Tue, 01/26/2021 - 12:00;1;32.4013, -115.3136
Wed, 01/27/2021 - 12:00;1;35.89656931, -5.300574116
Wed, 01/27/2021 - 12:00;10;6.174750949, -67.07825961
Wed, 01/27/2021 - 12:00;1;7.927093887, -72.48386771
Thu, 01/28/2021 - 12:00;1;31.71416, -111.95791
Thu, 01/28/2021 - 12:00;1;31.70588, -112.00148
Fri, 01/29/2021 - 12:00;2;32.7868817, 12.6934048
Fri, 01/29/2021 - 12:00;4;32.79307166, 13.7144354
Fri, 01/29/2021 - 12:00;1;41.88057683, 26.57182178
Fri, 01/29/2021 - 12:00;1;26.1087466, -98.2652505
Fri, 01/29/2021 - 12:00;1;32.54143422, -117.0448118
Fri, 01/29/2021 - 12:00;1;40.3197723, 21.4275888
Sat, 01/30/2021 - 12:00;2;41.8770148, 27.763265
Sat, 01/30/2021 - 12:00;1;32.55086017, -113.7245521
Sun, 01/31/2021 - 12:00;1;36.9436603, 7.2022727
Mon, 02/01/2021 - 12:00;1;20.5087233, -100.8300976
Mon, 02/01/2021 - 12:00;1;4.5971147, -74.0864237
Mon, 02/01/2021 - 12:00;1;5.7317573, -71.99683732
Mon, 02/01/2021 - 12:00;1;50.9669534, 1.8710906
Tue, 02/02/2021 - 12:00;2;25.84591716, -97.37103277
Tue, 02/02/2021 - 12:00;1;-19.2761393, -68.6388049
Tue, 02/02/2021 - 12:00;1;-19.2761393, -68.6388049
Tue, 02/02/2021 - 12:00;4;19.791083, 13.303945
Wed, 02/03/2021 - 12:00;1;16.7124054, 98.5746649
Wed, 02/03/2021 - 12:00;1;17.8307439, -93.3897441
Wed, 02/03/2021 - 12:00;2;32.53289729, 15.07522178
Thu, 02/04/2021 - 12:00;6;35.821783, -0.4831532
Thu, 02/04/2021 - 12:00;1;50.334773, 3.440537
Thu, 02/04/2021 - 12:00;1;31.71066, -111.86906
Thu, 02/04/2021 - 12:00;2;33.01514348, 12.60631099
Fri, 02/05/2021 - 12:00;1;32.90288617, 12.73580955
Fri, 02/05/2021 - 12:00;4;32.90288617, 12.73580955
Fri, 02/05/2021 - 12:00;1;32.78834106, 13.71186048
Fri, 02/05/2021 - 12:00;1;10.4742449, -73.2436335
Fri, 02/05/2021 - 12:00;1;31.84175, -112.4437
Fri, 02/05/2021 - 12:00;1;27.35022729, 62.35316592
Sat, 02/06/2021 - 12:00;1;16.75154107, -93.10309024
Sat, 02/06/2021 - 12:00;1;25.0966877, 10.16817753
Sat, 02/06/2021 - 12:00;1;35.68940913, 51.38958967
Sun, 02/07/2021 - 12:00;4;36.1440934, -5.3417241
Sun, 02/07/2021 - 12:00;1;35.86277284, -5.328762261
Sun, 02/07/2021 - 12:00;1;31.389361, -111.230389
Sun, 02/07/2021 - 12:00;2;33.01514348, 12.60631099
Sun, 02/07/2021 - 12:00;1;35.68940913, 51.38958967
Sun, 02/07/2021 - 12:00;22;18.59291, 10.578095
Mon, 02/08/2021 - 12:00;1;28.713166, -100.5093583
Mon, 02/08/2021 - 12:00;1;31.73563, -111.8275
Mon, 02/08/2021 - 12:00;1;35.68940913, 51.38958967
Mon, 02/08/2021 - 12:00;1;28.23007995, 61.19603687
Mon, 02/08/2021 - 12:00;1;27.35022729, 62.35316592
Tue, 02/09/2021 - 12:00;1;28.71317365, -100.5068478
Tue, 02/09/2021 - 12:00;1;35.90019118, -5.299989274
Tue, 02/09/2021 - 12:00;3;5.98740941, -57.1435619
Tue, 02/09/2021 - 12:00;2;19.87079787, -71.40140185
Tue, 02/09/2021 - 12:00;3;32.45945037, 21.23736071
Tue, 02/09/2021 - 12:00;1;31.9543, -112.4197
Wed, 02/10/2021 - 12:00;1;32.79973679, 12.78180512
Wed, 02/10/2021 - 12:00;8;21.749173, 23.59269844
Wed, 02/10/2021 - 12:00;8;21.749173, 23.59269844
Wed, 02/10/2021 - 12:00;2;21.749173, 23.59269844
Wed, 02/10/2021 - 12:00;1;32.75483468, 13.71666686
Wed, 02/10/2021 - 12:00;1;32.15258, -112.74925
Wed, 02/10/2021 - 12:00;4;32.75483468, 13.71666686
Wed, 02/10/2021 - 12:00;1;35.68940913, 51.38958967
Wed, 02/10/2021 - 12:00;1;28.95046741, 57.57054013
Wed, 02/10/2021 - 12:00;1;28.72996721, 53.33652472
Thu, 02/11/2021 - 12:00;1;28.7019633, -100.5048585
Thu, 02/11/2021 - 12:00;9;12.03248116, 95.73547526
Thu, 02/11/2021 - 12:00;2;33.03083222, 12.12354635
Thu, 02/11/2021 - 12:00;1;30.01463107, 14.25008292
Fri, 02/12/2021 - 12:00;1;14.90657249, -92.26359259
Sat, 02/13/2021 - 12:00;23;35.57736051, 12.59360665
Sat, 02/13/2021 - 12:00;1;27.99566687, 57.72427834
Sun, 02/14/2021 - 12:00;2;36.441151, -3.603180343
Sun, 02/14/2021 - 12:00;1;44.6145699, 17.9877428
Sun, 02/14/2021 - 12:00;2;32.92755182, 12.10964178
Sun, 02/14/2021 - 12:00;1;31.88472913, 54.33057395
Sun, 02/14/2021 - 12:00;1;31.84338571, 52.51348965
Mon, 02/15/2021 - 12:00;1;32.79441821, 12.56680102
Mon, 02/15/2021 - 12:00;1;45.22064907, 16.54942905
Mon, 02/15/2021 - 12:00;10;24.8240255, -80.8136783
Mon, 02/15/2021 - 12:00;1;8.378848547, -72.41203443
Mon, 02/15/2021 - 12:00;3;27.45546714, -80.05125773
Mon, 02/15/2021 - 12:00;2;27.45546714, -80.05125773
Mon, 02/15/2021 - 12:00;1;27.45546714, -80.05125773
Mon, 02/15/2021 - 12:00;1;31.914444, -111.913611
Mon, 02/15/2021 - 12:00;1;31.88472913, 54.33057395
Mon, 02/15/2021 - 12:00;1;28.23007995, 61.19603687
Mon, 02/15/2021 - 12:00;1;28.23007995, 61.19603687
Mon, 02/15/2021 - 12:00;1;28.23007995, 61.19603687
Mon, 02/15/2021 - 12:00;1;28.23007995, 61.19603687
Tue, 02/16/2021 - 12:00;1;27.4790481, -99.4814057
Tue, 02/16/2021 - 12:00;1;6.2476376, -75.5658153
Tue, 02/16/2021 - 12:00;1;31.9120215, -111.881234
Tue, 02/16/2021 - 12:00;1;27.21161534, 60.68482798
Wed, 02/17/2021 - 12:00;2;32.896939, 13.1708564
Wed, 02/17/2021 - 12:00;1;28.6805128, -100.5078173
Wed, 02/17/2021 - 12:00;1;28.6805128, -100.5078173
Wed, 02/17/2021 - 12:00;1;35.68940913, 51.38958967
Wed, 02/17/2021 - 12:00;1;30.27629382, 57.0662465
Wed, 02/17/2021 - 12:00;1;30.50953451, -104.4017249
Wed, 02/17/2021 - 12:00;1;16.976529, 7.989067
Thu, 02/18/2021 - 12:00;1;32.0681759, 23.941751
Thu, 02/18/2021 - 12:00;1;29.3222273, -103.2068216
Thu, 02/18/2021 - 12:00;1;14.9364483, -92.265659
Thu, 02/18/2021 - 12:00;1;31.78605, -111.811683
Thu, 02/18/2021 - 12:00;1;33.01514348, 12.60631099
Thu, 02/18/2021 - 12:00;1;35.68940913, 51.38958967
Thu, 02/18/2021 - 12:00;1;29.63186286, 52.51236196
Fri, 02/19/2021 - 12:00;2;31.56960031, 17.38213959
Fri, 02/19/2021 - 12:00;1;-2.342606049, -73.07057192
Fri, 02/19/2021 - 12:00;25;26.06751439, 14.83350461
Sat, 02/20/2021 - 12:00;1;35.72722908, -0.644029953
Sat, 02/20/2021 - 12:00;1;28.36796911, -99.30855138
Sat, 02/20/2021 - 12:00;41;33.89263386, 13.55340424
Sat, 02/20/2021 - 12:00;1;32.98310801, 13.27991557
Sat, 02/20/2021 - 12:00;3;34.26454725, 13.31096023
Sun, 02/21/2021 - 12:00;1;34.20213497, 13.04803315
Sun, 02/21/2021 - 12:00;1;34.20213497, 13.04803315
Sun, 02/21/2021 - 12:00;12;35.41265243, 12.58948677
Sun, 02/21/2021 - 12:00;1;32.22524, -113.04953
Sun, 02/21/2021 - 12:00;1;32.22536, -113.04941
Sun, 02/21/2021 - 12:00;1;31.900498, -111.532852
Sun, 02/21/2021 - 12:00;1;30.89202146, 61.68389773
Mon, 02/22/2021 - 12:00;4;29.36820243, -103.7272989
Mon, 02/22/2021 - 12:00;1;33.64056471, 13.25702465
Mon, 02/22/2021 - 12:00;2;35.26149447, -3.957496007
Mon, 02/22/2021 - 12:00;1;19.55102318, -71.71226423
Mon, 02/22/2021 - 12:00;1;17.47146346, -91.42477594
Mon, 02/22/2021 - 12:00;1;35.68940913, 51.38958967
Mon, 02/22/2021 - 12:00;1;35.68940913, 51.38958967
Mon, 02/22/2021 - 12:00;1;35.68940913, 51.38958967
Mon, 02/22/2021 - 12:00;1;28.23007995, 61.19603687
Tue, 02/23/2021 - 12:00;1;31.66905, -111.846417
Tue, 02/23/2021 - 12:00;1;35.68940913, 51.38958967
Wed, 02/24/2021 - 12:00;1;34.7205723, 11.1407184
Wed, 02/24/2021 - 12:00;1;32.1195, -113.1718
Fri, 02/26/2021 - 12:00;2;28.70516695, -100.5113856
Fri, 02/26/2021 - 12:00;1;31.05124289, 61.50177317
Fri, 02/26/2021 - 12:00;1;31.05124289, 61.50177317
Sat, 02/27/2021 - 12:00;1;27.4790538, -99.4814315
Sat, 02/27/2021 - 12:00;1;35.68940913, 51.38958967
Sat, 02/27/2021 - 12:00;1;32.25398987, 52.50577501
Sat, 02/27/2021 - 12:00;1;31.88472913, 54.33057395
Sat, 02/27/2021 - 12:00;1;29.51929069, 60.85182954
Sun, 02/28/2021 - 12:00;4;33.14510556, 13.58488495
Sun, 02/28/2021 - 12:00;1;33.14510556, 13.58488495
Sun, 02/28/2021 - 12:00;1;33.14510556, 13.58488495
Sun, 02/28/2021 - 12:00;5;33.14510556, 13.58488495
Sun, 02/28/2021 - 12:00;2;33.14510556, 13.58488495
Sun, 02/28/2021 - 12:00;2;33.14510556, 13.58488495
Sun, 02/28/2021 - 12:00;2;35.11183029, 11.02745108
Sun, 02/28/2021 - 12:00;1;28.6936675, -100.5106763
Sun, 02/28/2021 - 12:00;1;26.1753112, 14.73691443
Sun, 02/28/2021 - 12:00;1;27.1892535, 56.23307736
Mon, 03/01/2021 - 12:00;1;35.2841725, -2.9381673
Mon, 03/01/2021 - 12:00;1;28.65812669, -100.5017234
Mon, 03/01/2021 - 12:00;1;31.05124289, 61.50177317
Mon, 03/01/2021 - 12:00;1;28.5056084, 58.8606437
Mon, 03/01/2021 - 12:00;1;31.05124289, 61.50177317
Tue, 03/02/2021 - 12:00;1;35.27689538, -2.926136854
Tue, 03/02/2021 - 12:00;1;35.2841725, -2.9381673
Tue, 03/02/2021 - 12:00;1;35.302185, -2.9400548
Tue, 03/02/2021 - 12:00;1;43.7384169, 18.0261821
Tue, 03/02/2021 - 12:00;1;27.99566687, 57.72427834
Tue, 03/02/2021 - 12:00;1;27.1793466, 56.2781423
Tue, 03/02/2021 - 12:00;1;32.779775, -115.568425
Wed, 03/03/2021 - 12:00;10;32.78367772, -115.2984346
Wed, 03/03/2021 - 12:00;2;32.78367772, -115.2984346
Wed, 03/03/2021 - 12:00;1;32.78367772, -115.2984346
Wed, 03/03/2021 - 12:00;20;12.16601057, 43.54841709
Wed, 03/03/2021 - 12:00;1;50.9744772, 1.874738404
Wed, 03/03/2021 - 12:00;1;-22.73371516, -64.34982328
Wed, 03/03/2021 - 12:00;1;-22.73371516, -64.34982328
Wed, 03/03/2021 - 12:00;1;25.0580555, -98.2641668
Wed, 03/03/2021 - 12:00;1;31.87598849, -112.8445121
Wed, 03/03/2021 - 12:00;5;11.999417, -83.739302
Wed, 03/03/2021 - 12:00;25;12.11374551, 42.11180794
Wed, 03/03/2021 - 12:00;3;32.95058308, 13.39071749
Wed, 03/03/2021 - 12:00;1;32.199638, -113.021598
Wed, 03/03/2021 - 12:00;1;21.75963, 9.04731
Thu, 03/04/2021 - 12:00;1;45.032077, 15.3995488
Thu, 03/04/2021 - 12:00;2;-22.73371516, -64.34982328
Thu, 03/04/2021 - 12:00;6;23.66049536, -80.38468176
Thu, 03/04/2021 - 12:00;1;23.66049536, -80.38468176
Fri, 03/05/2021 - 12:00;1;41.65864073, 26.50448518
Fri, 03/05/2021 - 12:00;1;22.78182228, 5.435464559
Fri, 03/05/2021 - 12:00;1;22.78182228, 5.435464559
Fri, 03/05/2021 - 12:00;1;31.84108, -111.84243
Fri, 03/05/2021 - 12:00;3;28.00204958, -12.93936308
Fri, 03/05/2021 - 12:00;1;27.1793466, 56.2781423
Sat, 03/06/2021 - 12:00;5;26.46974927, -78.71200025
Sat, 03/06/2021 - 12:00;1;35.68940913, 51.38958967
Sun, 03/07/2021 - 12:00;7;-22.7361245, -64.3542692
Sun, 03/07/2021 - 12:00;1;24.93543295, 14.63298952
Sun, 03/07/2021 - 12:00;1;29.63186286, 52.51236196
Mon, 03/08/2021 - 12:00;5;25.80390942, -15.7496197
Mon, 03/08/2021 - 12:00;1;35.2841725, -2.9381673
Mon, 03/08/2021 - 12:00;1;36.1812954, -5.4105286
Mon, 03/08/2021 - 12:00;1;31.334239, -110.952825
Tue, 03/09/2021 - 12:00;9;34.84785849, 11.47959691
Tue, 03/09/2021 - 12:00;1;17.37971317, -97.12385013
Tue, 03/09/2021 - 12:00;1;19.7019462, -98.4585271
Tue, 03/09/2021 - 12:00;1;28.7125063, -100.5096557
Tue, 03/09/2021 - 12:00;30;34.84785849, 11.47959691
Tue, 03/09/2021 - 12:00;1;32.25398987, 52.50577501
Wed, 03/10/2021 - 12:00;1;31.7618778, -106.4850217
Wed, 03/10/2021 - 12:00;1;32.999264, 12.295422
Wed, 03/10/2021 - 12:00;2;41.659628, 26.485935
Wed, 03/10/2021 - 12:00;1;41.659628, 26.485935
Wed, 03/10/2021 - 12:00;1;27.21161534, 60.68482798
Wed, 03/10/2021 - 12:00;1;36.81293079, 59.09646157
Thu, 03/11/2021 - 12:00;1;43.00343998, 22.83630671
Thu, 03/11/2021 - 12:00;2;32.999264, 12.295422
Thu, 03/11/2021 - 12:00;1;28.95046741, 57.57054013
Thu, 03/11/2021 - 12:00;1;27.1793466, 56.2781423
Fri, 03/12/2021 - 12:00;3;20.7201324, -100.7597279
Fri, 03/12/2021 - 12:00;2;20.7201324, -100.7597279
Fri, 03/12/2021 - 12:00;1;29.59303024, 50.66559392
Fri, 03/12/2021 - 12:00;50;29.438987, 2.787713
Sat, 03/13/2021 - 12:00;1;35.9117892, -5.3570333
Sat, 03/13/2021 - 12:00;1;36.53619081, 1.440914807
Sat, 03/13/2021 - 12:00;1;32.53288558, -117.1233625
Sat, 03/13/2021 - 12:00;1;32.57929447, -116.5934173
Sat, 03/13/2021 - 12:00;1;32.178633, -113.058867
Sat, 03/13/2021 - 12:00;1;32.2429, -113.0754
Sat, 03/13/2021 - 12:00;1;32.184896, -113.064156
Sat, 03/13/2021 - 12:00;1;32.224496, -113.0785575
Sun, 03/14/2021 - 12:00;1;32.09297, -112.96256
Sun, 03/14/2021 - 12:00;1;31.78797, -111.74756
Sun, 03/14/2021 - 12:00;1;32.125633, -113.238767
Sun, 03/14/2021 - 12:00;1;32.122583, -113.238833
Mon, 03/15/2021 - 12:00;8;29.45061979, -100.9088278
Mon, 03/15/2021 - 12:00;1;7.0773599, -73.1205348
Tue, 03/16/2021 - 12:00;11;35.96990433, -0.802334461
Tue, 03/16/2021 - 12:00;1;19.6044444, -98.3119444
Tue, 03/16/2021 - 12:00;9;27.63039322, -15.6991573
Tue, 03/16/2021 - 12:00;2;27.52306085, -99.52574841
Tue, 03/16/2021 - 12:00;1;-19.2761393, -68.6388049
Tue, 03/16/2021 - 12:00;1;31.72159, -112.19422
Tue, 03/16/2021 - 12:00;1;31.05124289, 61.50177317
Tue, 03/16/2021 - 12:00;1;31.05124289, 61.50177317
Wed, 03/17/2021 - 12:00;1;27.70936965, -15.60374223
Wed, 03/17/2021 - 12:00;1;27.12327778, -15.62983476
Wed, 03/17/2021 - 12:00;1;7.830102197, -72.4508794
Wed, 03/17/2021 - 12:00;1;-19.2761393, -68.6388049
Wed, 03/17/2021 - 12:00;1;32.662476, -115.535316
Thu, 03/18/2021 - 12:00;1;33.06688277, 12.20001073
Thu, 03/18/2021 - 12:00;1;33.06688277, 12.20001073
Thu, 03/18/2021 - 12:00;4;33.06688277, 12.20001073
Thu, 03/18/2021 - 12:00;60;33.06688277, 12.20001073
Thu, 03/18/2021 - 12:00;1;24.93543295, 14.63298952
Thu, 03/18/2021 - 12:00;1;29.1403563, 58.1782498
Thu, 03/18/2021 - 12:00;1;29.1403563, 58.1782498
Thu, 03/18/2021 - 12:00;1;29.1403563, 58.1782498
Thu, 03/18/2021 - 12:00;1;29.1403563, 58.1782498
Thu, 03/18/2021 - 12:00;1;29.1403563, 58.1782498
Thu, 03/18/2021 - 12:00;1;29.1403563, 58.1782498
Thu, 03/18/2021 - 12:00;1;29.1403563, 58.1782498
Thu, 03/18/2021 - 12:00;1;29.1403563, 58.1782498
Fri, 03/19/2021 - 12:00;3;38.327214, 26.21029
Fri, 03/19/2021 - 12:00;1;38.327214, 26.21029
Fri, 03/19/2021 - 12:00;1;31.97162, -111.48003
Fri, 03/19/2021 - 12:00;1;29.63186286, 52.51236196
Fri, 03/19/2021 - 12:00;1;29.63186286, 52.51236196
Sat, 03/20/2021 - 12:00;1;28.7091433, -100.4995214
Sat, 03/20/2021 - 12:00;1;32.418681, -112.969283
Sun, 03/21/2021 - 12:00;1;28.0811553, -15.4167175
Sun, 03/21/2021 - 12:00;1;27.35022729, 62.35316592
Sun, 03/21/2021 - 12:00;1;32.695868, -115.283277
Mon, 03/22/2021 - 12:00;4;45.24958796, 17.17982607
Mon, 03/22/2021 - 12:00;1;32.67217596, -115.4387852
Tue, 03/23/2021 - 12:00;1;32.52426274, -117.1234483
Tue, 03/23/2021 - 12:00;1;-19.2761393, -68.6388049
Tue, 03/23/2021 - 12:00;1;-19.27434383, -68.6202406
Tue, 03/23/2021 - 12:00;1;35.68940913, 51.38958967
Tue, 03/23/2021 - 12:00;1;35.68940913, 51.38958967
Wed, 03/24/2021 - 12:00;1;35.68940913, 51.38958967
Wed, 03/24/2021 - 12:00;1;29.1403563, 58.1782498
Thu, 03/25/2021 - 12:00;1;29.56830836, 52.49085107
Thu, 03/25/2021 - 12:00;1;35.68940913, 51.38958967
Fri, 03/26/2021 - 12:00;3;28.15731175, -16.39298261
Fri, 03/26/2021 - 12:00;4;34.29223478, 36.12228887
Fri, 03/26/2021 - 12:00;1;32.25953, -111.5175
Sat, 03/27/2021 - 12:00;11;37.5318128, -1.268730051
Sat, 03/27/2021 - 12:00;1;32.2265083, -110.8547917
Sat, 03/27/2021 - 12:00;1;15.66661553, -91.99639232
Sat, 03/27/2021 - 12:00;4;32.16098565, 22.28074552
Sat, 03/27/2021 - 12:00;1;32.22372762, -110.857911
Sun, 03/28/2021 - 12:00;1;36.317706, 0.635233
Sun, 03/28/2021 - 12:00;1;31.99153, -112.6947
Sun, 03/28/2021 - 12:00;1;27.1892535, 56.23307736
Sun, 03/28/2021 - 12:00;1;27.5435505, 57.1494704
Mon, 03/29/2021 - 12:00;1;28.6936675, -100.5106763
Mon, 03/29/2021 - 12:00;1;37.56427965, 44.95937698
Mon, 03/29/2021 - 12:00;1;29.1403563, 58.1782498
Tue, 03/30/2021 - 12:00;5;32.87234592, 12.45293781
Tue, 03/30/2021 - 12:00;1;8.706681239, -77.58643695
Tue, 03/30/2021 - 12:00;1;29.32063788, -100.9182285
Tue, 03/30/2021 - 12:00;1;15.27997093, -92.230875
Tue, 03/30/2021 - 12:00;1;31.6951, -111.998
Tue, 03/30/2021 - 12:00;1;31.69123, -111.88143
Tue, 03/30/2021 - 12:00;1;35.68940913, 51.38958967
Tue, 03/30/2021 - 12:00;1;29.63186286, 52.51236196
Wed, 03/31/2021 - 12:00;1;29.1403563, 58.1782498
Wed, 03/31/2021 - 12:00;1;29.1403563, 58.1782498
Wed, 03/31/2021 - 12:00;1;29.1403563, 58.1782498
Wed, 03/31/2021 - 12:00;1;30.26262238, 54.92222284
Wed, 03/31/2021 - 12:00;1;31.88472913, 54.33057395
Thu, 04/01/2021 - 12:00;1;26.203085, -98.445107
Thu, 04/01/2021 - 12:00;3;-1.9238, -37.045232
Fri, 04/02/2021 - 12:00;1;27.1793466, 56.2781423
Sat, 04/03/2021 - 12:00;1;35.76109319, -0.826158603
Sat, 04/03/2021 - 12:00;1;35.07388561, -2.084353428
Sat, 04/03/2021 - 12:00;1;32.36842579, -114.0338755
Sat, 04/03/2021 - 12:00;1;28.79838818, -100.5363082
Sat, 04/03/2021 - 12:00;1;27.5226717, -99.52217022
Sat, 04/03/2021 - 12:00;1;27.35022729, 62.35316592
Sun, 04/04/2021 - 12:00;1;35.916545, -5.371463
Sun, 04/04/2021 - 12:00;1;35.438993, -1.237177
Sun, 04/04/2021 - 12:00;10;19.37608604, -81.26624247
Sun, 04/04/2021 - 12:00;8;37.0120503, 8.353369971
Sun, 04/04/2021 - 12:00;1;27.1793466, 56.2781423
Sun, 04/04/2021 - 12:00;1;29.1403563, 58.1782498
Sun, 04/04/2021 - 12:00;1;29.1403563, 58.1782498
Sun, 04/04/2021 - 12:00;1;27.35022729, 62.35316592
Sun, 04/04/2021 - 12:00;1;36.44746436, 59.39773944
Mon, 04/05/2021 - 12:00;1;28.097183, -14.070217
Mon, 04/05/2021 - 12:00;1;41.323095, 26.494845
Mon, 04/05/2021 - 12:00;1;25.675342, -100.319587
Mon, 04/05/2021 - 12:00;1;24.93543295, 14.63298952
Mon, 04/05/2021 - 12:00;1;31.8663889, -112.4402777
Mon, 04/05/2021 - 12:00;1;29.85315945, 57.41401628
Mon, 04/05/2021 - 12:00;1;29.47645121, 60.86744515
Tue, 04/06/2021 - 12:00;3;41.708649, 26.360446
Tue, 04/06/2021 - 12:00;1;27.18569377, -98.14724414
Tue, 04/06/2021 - 12:00;1;14.90541, -92.27885
Tue, 04/06/2021 - 12:00;1;31.855917, -112.113467
Tue, 04/06/2021 - 12:00;1;31.722883, -111.805533
Tue, 04/06/2021 - 12:00;1;35.68940913, 51.38958967
Tue, 04/06/2021 - 12:00;1;35.68940913, 51.38958967
Wed, 04/07/2021 - 12:00;1;35.2856809, -2.937338527
Wed, 04/07/2021 - 12:00;1;7.815909737, -72.45178395
Wed, 04/07/2021 - 12:00;1;22.82009376, -102.5423641
Wed, 04/07/2021 - 12:00;1;27.35710118, 52.8090266
Thu, 04/08/2021 - 12:00;1;31.78128444, -106.5372266
Thu, 04/08/2021 - 12:00;5;36.02829422, 0.055382178
Thu, 04/08/2021 - 12:00;1;30.89202146, 61.68389773
Thu, 04/08/2021 - 12:00;1;27.35022729, 62.35316592
Fri, 04/09/2021 - 12:00;1;41.6738919, 26.46499074
Fri, 04/09/2021 - 12:00;2;8.775508839, -77.77647631
Fri, 04/09/2021 - 12:00;2;8.775508839, -77.77647631
Fri, 04/09/2021 - 12:00;1;28.72296727, -100.508408
Sat, 04/10/2021 - 12:00;1;28.50887928, -99.8698853
Sat, 04/10/2021 - 12:00;1;14.90657249, -92.26359259
Sat, 04/10/2021 - 12:00;1;29.47645121, 60.86744515
Sat, 04/10/2021 - 12:00;1;29.47645121, 60.86744515
Sat, 04/10/2021 - 12:00;1;28.868884, 61.1628427
Sat, 04/10/2021 - 12:00;1;32.7326, -114.874283
Sun, 04/11/2021 - 12:00;26;25.69694464, -18.07531481
Sun, 04/11/2021 - 12:00;1;35.345799, -3.883139
Sun, 04/11/2021 - 12:00;6;33.76566438, 11.02580782
Sun, 04/11/2021 - 12:00;1;32.88479727, 13.15337754
Sun, 04/11/2021 - 12:00;1;28.72296727, -100.508408
Mon, 04/12/2021 - 12:00;44;12.285716, 43.363376
Mon, 04/12/2021 - 12:00;1;29.3239455, -100.9286333
Tue, 04/13/2021 - 12:00;1;27.40052071, -99.47846336
Tue, 04/13/2021 - 12:00;1;33.76566438, 11.02580782
Tue, 04/13/2021 - 12:00;1;23.71304956, -15.91691136
Tue, 04/13/2021 - 12:00;1;28.68713093, -100.553353
Tue, 04/13/2021 - 12:00;1;27.59686845, -99.53709649
Tue, 04/13/2021 - 12:00;1;26.09530107, -98.27225471
Tue, 04/13/2021 - 12:00;1;-16.48074, -68.21252
Tue, 04/13/2021 - 12:00;1;11.09053697, -84.56062206
Tue, 04/13/2021 - 12:00;1;9.525310189, 45.53662268
Tue, 04/13/2021 - 12:00;1;27.49945981, -99.51176313
Tue, 04/13/2021 - 12:00;1;30.89202146, 61.68389773
Tue, 04/13/2021 - 12:00;1;30.89202146, 61.68389773
Wed, 04/14/2021 - 12:00;1;35.31422006, -2.944675914
Wed, 04/14/2021 - 12:00;1;35.87318906, -5.342716102
Wed, 04/14/2021 - 12:00;1;15.01859246, -92.39962345
Wed, 04/14/2021 - 12:00;1;29.63186286, 52.51236196
Thu, 04/15/2021 - 12:00;41;34.76811471, 10.85960062
Thu, 04/15/2021 - 12:00;1;41.6738919, 26.46499074
Thu, 04/15/2021 - 12:00;1;26.65278451, -98.11397627
Thu, 04/15/2021 - 12:00;1;9.525310189, 45.53662268
Thu, 04/15/2021 - 12:00;1;31.685517, -111.776332
Thu, 04/15/2021 - 12:00;1;31.42974319, -110.9780321
Thu, 04/15/2021 - 12:00;1;32.44706, -113.10175
Thu, 04/15/2021 - 12:00;1;32.67161, -115.52638
Thu, 04/15/2021 - 12:00;1;32.68642, -115.45545
Thu, 04/15/2021 - 12:00;1;31.916582, -102.229673
Fri, 04/16/2021 - 12:00;1;26.1865678, -98.22579399
Fri, 04/16/2021 - 12:00;1;14.84172051, -92.31793706
Fri, 04/16/2021 - 12:00;1;28.6936675, -100.5106763
Fri, 04/16/2021 - 12:00;1;31.3327, -110.99101
Sat, 04/17/2021 - 12:00;1;33.25433412, 11.49846374
Sat, 04/17/2021 - 12:00;1;27.28385151, -98.68701863
Sat, 04/17/2021 - 12:00;1;32.817824, 12.450931
Sat, 04/17/2021 - 12:00;1;32.70554, -115.03065
Sat, 04/17/2021 - 12:00;1;44.807091, 15.926243
Sun, 04/18/2021 - 12:00;1;43.34150604, -1.776485694
Sun, 04/18/2021 - 12:00;1;30.27629382, 57.0662465
Mon, 04/19/2021 - 12:00;1;52.307985, 4.753107
Mon, 04/19/2021 - 12:00;3;8.033327732, -72.41635263
Mon, 04/19/2021 - 12:00;1;36.07730236, 49.87005574
Mon, 04/19/2021 - 12:00;1;28.89461767, 50.90279461
Tue, 04/20/2021 - 12:00;9;35.93540838, 0.074290332
Tue, 04/20/2021 - 12:00;2;17.66969471, -93.4777546
Wed, 04/21/2021 - 12:00;6;19.70340863, 37.19738699
Wed, 04/21/2021 - 12:00;2;32.94797295, 13.19404548
Wed, 04/21/2021 - 12:00;1;10.57512792, 49.05749537
Wed, 04/21/2021 - 12:00;1;35.68940913, 51.38958967
Wed, 04/21/2021 - 12:00;1;27.82817, 52.32536
Thu, 04/22/2021 - 12:00;1;32.86244029, 13.43844999
Thu, 04/22/2021 - 12:00;1;32.79270254, 12.67244146
Thu, 04/22/2021 - 12:00;1;28.02611051, -99.54236303
Thu, 04/22/2021 - 12:00;128;33.740667, 13.626167
Thu, 04/22/2021 - 12:00;2;33.740667, 13.626167
Thu, 04/22/2021 - 12:00;17;10.0202063, -61.96663946
Thu, 04/22/2021 - 12:00;1;26.25732783, -98.59817457
Thu, 04/22/2021 - 12:00;2;3.439303091, -76.54750898
Thu, 04/22/2021 - 12:00;2;17.47654794, -91.40864085
Thu, 04/22/2021 - 12:00;1;31.885772, -111.96678
Thu, 04/22/2021 - 12:00;1;27.99566687, 57.72427834
Fri, 04/23/2021 - 12:00;1;28.72884175, -100.5094583
Fri, 04/23/2021 - 12:00;1;26.07712504, -98.22456289
Fri, 04/23/2021 - 12:00;1;28.95046741, 57.57054013
Sat, 04/24/2021 - 12:00;3;35.81514383, -5.35131574
Sat, 04/24/2021 - 12:00;1;28.70492867, -100.5123343
Sat, 04/24/2021 - 12:00;1;37.56427965, 44.95937698
Sat, 04/24/2021 - 12:00;1;32.81375148, 51.66861535
Sun, 04/25/2021 - 12:00;2;35.82318233, -5.352174047
Sun, 04/25/2021 - 12:00;1;29.32384331, -100.9195537
Sun, 04/25/2021 - 12:00;1;25.8839311, -97.49782897
Sun, 04/25/2021 - 12:00;1;31.885772, -111.96678
Sun, 04/25/2021 - 12:00;1;29.42595636, -98.52277691
Sun, 04/25/2021 - 12:00;1;35.68940913, 51.38958967
Sun, 04/25/2021 - 12:00;1;29.2661428, 51.2120597
Sun, 04/25/2021 - 12:00;1;27.99566687, 57.72427834
Sun, 04/25/2021 - 12:00;1;36.8127762, 59.0964723
Sun, 04/25/2021 - 12:00;1;28.95046741, 57.57054013
Sun, 04/25/2021 - 12:00;1;29.63186286, 52.51236196
Sun, 04/25/2021 - 12:00;1;36.66547268, 59.13055843
Mon, 04/26/2021 - 12:00;56;23.447654, -18.151759
Mon, 04/26/2021 - 12:00;1;32.79270254, 12.67244146
Mon, 04/26/2021 - 12:00;1;28.70492867, -100.5123343
Mon, 04/26/2021 - 12:00;1;28.6936675, -100.5106763
Mon, 04/26/2021 - 12:00;1;32.14593, -113.16837
Mon, 04/26/2021 - 12:00;1;36.07730236, 49.87005574
Mon, 04/26/2021 - 12:00;1;32.25398987, 52.50577501
Tue, 04/27/2021 - 12:00;1;-22.217558, 29.985716
Tue, 04/27/2021 - 12:00;1;28.70492867, -100.5123343
Tue, 04/27/2021 - 12:00;1;32.03135067, -111.2738148
Tue, 04/27/2021 - 12:00;1;32.670309, -115.428527
Wed, 04/28/2021 - 12:00;1;33.23136296, 11.490224
Wed, 04/28/2021 - 12:00;1;31.680719, -111.083965
Wed, 04/28/2021 - 12:00;1;27.26241605, 55.78450707
Wed, 04/28/2021 - 12:00;1;27.26241605, 55.78450707
Thu, 04/29/2021 - 12:00;1;27.50628075, -97.84180735
Thu, 04/29/2021 - 12:00;1;32.554722, -116.887778
Thu, 04/29/2021 - 12:00;1;35.78275109, -5.92968834
Thu, 04/29/2021 - 12:00;1;28.6936675, -100.5106763
Thu, 04/29/2021 - 12:00;1;29.63186286, 52.51236196
Fri, 04/30/2021 - 12:00;1;9.525310189, 45.53662268
Fri, 04/30/2021 - 12:00;1;32.036652, -113.094207
Fri, 04/30/2021 - 12:00;1;29.63186286, 52.51236196
Sat, 05/01/2021 - 12:00;1;7.91681734, -72.46274762
Sat, 05/01/2021 - 12:00;1;32.631388, -116.008278
Sun, 05/02/2021 - 12:00;11;32.79270254, 12.67244146
Sun, 05/02/2021 - 12:00;4;32.66161, -117.247942
Sun, 05/02/2021 - 12:00;1;36.99851907, 7.210512443
Sun, 05/02/2021 - 12:00;1;28.3473325, -100.3153453
Sun, 05/02/2021 - 12:00;1;32.0014, -112.170333
Sun, 05/02/2021 - 12:00;1;32.25398987, 52.50577501
Sun, 05/02/2021 - 12:00;1;29.47645121, 60.86744515
Mon, 05/03/2021 - 12:00;1;32.79270254, 12.67244146
Mon, 05/03/2021 - 12:00;1;41.6738919, 26.46499074
Mon, 05/03/2021 - 12:00;1;31.4814, -109.333
Tue, 05/04/2021 - 12:00;1;29.36820243, -103.7272989
Tue, 05/04/2021 - 12:00;1;28.68098753, -100.5076016
Tue, 05/04/2021 - 12:00;1;31.90148, -112.45955
Wed, 05/05/2021 - 12:00;1;14.89857673, -92.2712676
Wed, 05/05/2021 - 12:00;1;27.35022729, 62.35316592
Thu, 05/06/2021 - 12:00;1;7.916828413, -72.46265352
Thu, 05/06/2021 - 12:00;1;32.405767, -111.682017
Thu, 05/06/2021 - 12:00;1;29.63186286, 52.51236196
Thu, 05/06/2021 - 12:00;1;32.70531, -115.21855
Fri, 05/07/2021 - 12:00;1;41.256447, 26.336691
Fri, 05/07/2021 - 12:00;1;32.94011015, 12.08667864
Fri, 05/07/2021 - 12:00;1;32.406471, -111.88266
Fri, 05/07/2021 - 12:00;1;29.63186286, 52.51236196
Sun, 05/09/2021 - 12:00;1;32.79305271, 12.72579484
Sun, 05/09/2021 - 12:00;22;32.90649949, 13.70553396
Sun, 05/09/2021 - 12:00;1;17.81709183, -95.26888543
Sun, 05/09/2021 - 12:00;1;29.63186286, 52.51236196
Sun, 05/09/2021 - 12:00;1;28.91397523, 50.92710097
Mon, 05/10/2021 - 12:00;26;32.79371255, 14.58251016
Mon, 05/10/2021 - 12:00;2;32.94136633, 12.07871599
Mon, 05/10/2021 - 12:00;8;-12.909671683, 45.07501499
Mon, 05/10/2021 - 12:00;1;32.25398987, 52.50577501
Tue, 05/11/2021 - 12:00;4;16.13161001, -92.0644565
Tue, 05/11/2021 - 12:00;1;31.35874, -109.73311
Tue, 05/11/2021 - 12:00;2;27.03442399, 14.42523921
Wed, 05/12/2021 - 12:00;1;32.79270254, 12.67244146
Wed, 05/12/2021 - 12:00;1;26.92134737, -80.06269146
Wed, 05/12/2021 - 12:00;3;16.24365608, -92.12384666
Thu, 05/13/2021 - 12:00;17;33.5987042, 11.10679088
Thu, 05/13/2021 - 12:00;1;31.34606, -110.91251
Thu, 05/13/2021 - 12:00;1;21.25987136, 1.037933966
Fri, 05/14/2021 - 12:00;1;32.62844, -116.4721918
Fri, 05/14/2021 - 12:00;1;31.939967, -112.144067
Fri, 05/14/2021 - 12:00;1;29.63186286, 52.51236196
Sat, 05/15/2021 - 12:00;1;33.33194008, 11.16826633
Sat, 05/15/2021 - 12:00;1;33.76538163, 11.02563647
Sat, 05/15/2021 - 12:00;1;31.93468, -112.89613
Sat, 05/15/2021 - 12:00;1;31.4640917, -111.04191
Sat, 05/15/2021 - 12:00;1;32.70290613, -114.6899039
Sun, 05/16/2021 - 12:00;1;32.758691, -114.81577
Mon, 05/17/2021 - 12:00;1;35.87186947, -5.343137653
Mon, 05/17/2021 - 12:00;57;34.15134555, 11.75184166
Mon, 05/17/2021 - 12:00;1;32.817824, 12.450931
Mon, 05/17/2021 - 12:00;1;25.8839311, -97.49782897
Mon, 05/17/2021 - 12:00;1;30.89202146, 61.68389773
Mon, 05/17/2021 - 12:00;1;30.89202146, 61.68389773
Tue, 05/18/2021 - 12:00;1;32.30748, -113.25067
Tue, 05/18/2021 - 12:00;2;32.31397, -113.252225
Tue, 05/18/2021 - 12:00;1;27.156479, -98.191523
Wed, 05/19/2021 - 12:00;1;35.76885, -1.17275
Wed, 05/19/2021 - 12:00;20;33.72837934, -7.889767254
Wed, 05/19/2021 - 12:00;1;31.3420069, -109.6304977
Wed, 05/19/2021 - 12:00;1;4.554452679, -74.15113013
Thu, 05/20/2021 - 12:00;1;32.8478017, -117.2787884
Thu, 05/20/2021 - 12:00;1;35.87298041, -5.342553685
Thu, 05/20/2021 - 12:00;6;33.01479981, 12.54897854
Fri, 05/21/2021 - 12:00;2;32.79305271, 12.72579484
Sat, 05/22/2021 - 12:00;1;32.94136633, 12.07871599
Sat, 05/22/2021 - 12:00;1;32.79305271, 12.72579484
Sat, 05/22/2021 - 12:00;1;30.8540853, -104.8845289
Sat, 05/22/2021 - 12:00;1;35.88058358, -5.34191965
Sat, 05/22/2021 - 12:00;1;43.34206817, -1.775902345
Sat, 05/22/2021 - 12:00;1;32.20252803, -111.7138504
Sat, 05/22/2021 - 12:00;1;29.63186286, 52.51236196
Sun, 05/23/2021 - 12:00;1;32.99993552, 11.98125712
Sun, 05/23/2021 - 12:00;2;41.24868623, 26.356414
Sun, 05/23/2021 - 12:00;1;24.13731417, -15.58013699
Sun, 05/23/2021 - 12:00;11;38.61598542, 2.302087261
Sun, 05/23/2021 - 12:00;1;31.05124289, 61.50177317
Sun, 05/23/2021 - 12:00;1;31.05124289, 61.50177317
Sun, 05/23/2021 - 12:00;1;31.05124289, 61.50177317
Mon, 05/24/2021 - 12:00;2;32.99993552, 11.98125712
Mon, 05/24/2021 - 12:00;1;10.01320445, 49.04490709
Mon, 05/24/2021 - 12:00;1;24.13731417, -15.58013699
Mon, 05/24/2021 - 12:00;1;29.63186286, 52.51236196
Mon, 05/24/2021 - 12:00;1;31.05124289, 61.50177317
Tue, 05/25/2021 - 12:00;1;35.7961508, -5.907919411
Tue, 05/25/2021 - 12:00;1;40.95705315, 26.63575014
Tue, 05/25/2021 - 12:00;1;29.5071504, -98.57243481
Tue, 05/25/2021 - 12:00;2;33.7649018, 11.02566832
Tue, 05/25/2021 - 12:00;1;-17.816295, -69.187237
Wed, 05/26/2021 - 12:00;4;33.7649018, 11.02566832
Wed, 05/26/2021 - 12:00;1;28.65989473, -99.83025098
Thu, 05/27/2021 - 12:00;1;33.7649018, 11.02566832
Thu, 05/27/2021 - 12:00;1;32.352205, -113.3156345
Thu, 05/27/2021 - 12:00;1;32.32535, -113.2892805
Thu, 05/27/2021 - 12:00;12;24.52014162, -81.78465844
Thu, 05/27/2021 - 12:00;1;29.63186286, 52.51236196
Thu, 05/27/2021 - 12:00;1;29.63186286, 52.51236196
Thu, 05/27/2021 - 12:00;1;29.63186286, 52.51236196
Fri, 05/28/2021 - 12:00;1;32.02243503, -110.994575
Fri, 05/28/2021 - 12:00;1;16.79811255, -91.20988585
Fri, 05/28/2021 - 12:00;1;14.90657249, -92.26359259
Fri, 05/28/2021 - 12:00;42;11.23659, -60.595425
Fri, 05/28/2021 - 12:00;1;28.94479556, 51.04776985
Sat, 05/29/2021 - 12:00;1;35.75996332, -5.93752017
Sat, 05/29/2021 - 12:00;1;28.72383323, -100.5084339
Sat, 05/29/2021 - 12:00;1;29.63186286, 52.51236196
Sun, 05/30/2021 - 12:00;3;8.466724187, -77.69438886
Sun, 05/30/2021 - 12:00;36;33.01479981, 12.54897854
Mon, 05/31/2021 - 12:00;1;19.70339619, -98.45113375
Mon, 05/31/2021 - 12:00;34;27.247328, -98.126699
Tue, 06/01/2021 - 12:00;25;34.15134555, 11.75184166
Tue, 06/01/2021 - 12:00;1;32.51201959, -114.2335269
Tue, 06/01/2021 - 12:00;1;32.44482662, -114.446387
Tue, 06/01/2021 - 12:00;1;31.64276473, -111.0571385
Tue, 06/01/2021 - 12:00;1;35.68940913, 51.38958967
Tue, 06/01/2021 - 12:00;1;30.27629382, 57.0662465
Tue, 06/01/2021 - 12:00;1;31.3350096, 48.8702866
Tue, 06/01/2021 - 12:00;1;31.05124289, 61.50177317
Tue, 06/01/2021 - 12:00;1;30.27629382, 57.0662465
Tue, 06/01/2021 - 12:00;1;32.75695, -114.81583
Wed, 06/02/2021 - 12:00;2;33.13320662, 11.98298927
Wed, 06/02/2021 - 12:00;1;28.70601548, -100.5121682
Wed, 06/02/2021 - 12:00;52;27.93347104, -13.20495642
Wed, 06/02/2021 - 12:00;1;29.47645121, 60.86744515
Wed, 06/02/2021 - 12:00;1;34.03107046, 51.44519483
Thu, 06/03/2021 - 12:00;1;26.931274, -98.145864
Thu, 06/03/2021 - 12:00;1;32.008629, -111.747142
Thu, 06/03/2021 - 12:00;1;32.013413, -111.640399
Thu, 06/03/2021 - 12:00;67;33.01479981, 12.54897854
Thu, 06/03/2021 - 12:00;1;31.96625955, 54.75878479
Thu, 06/03/2021 - 12:00;1;31.96625955, 54.75878479
Thu, 06/03/2021 - 12:00;1;27.35022729, 62.35316592
Fri, 06/04/2021 - 12:00;1;32.817824, 12.450931
Fri, 06/04/2021 - 12:00;1;27.127334, -98.389507
Fri, 06/04/2021 - 12:00;1;28.70601548, -100.5121682
Fri, 06/04/2021 - 12:00;17;27.93347104, -13.20495642
Fri, 06/04/2021 - 12:00;1;30.27629382, 57.0662465
Sat, 06/05/2021 - 12:00;1;32.2700864, -111.8504635
Sat, 06/05/2021 - 12:00;1;31.4943, -109.217
Sat, 06/05/2021 - 12:00;1;27.2865905, 57.6697047
Sat, 06/05/2021 - 12:00;1;27.2865905, 57.6697047
Sat, 06/05/2021 - 12:00;1;28.72996721, 53.33652472
Sat, 06/05/2021 - 12:00;1;29.67778877, 52.52231927
Sat, 06/05/2021 - 12:00;1;31.05124289, 61.50177317
Sun, 06/06/2021 - 12:00;1;32.817824, 12.450931
Sun, 06/06/2021 - 12:00;1;8.463178375, -77.6973089
Sun, 06/06/2021 - 12:00;1;35.23669182, -3.92228062
Sun, 06/06/2021 - 12:00;1;31.58979734, -111.2393548
Sun, 06/06/2021 - 12:00;1;29.63186286, 52.51236196
Sun, 06/06/2021 - 12:00;1;28.53386105, 51.10083473
Sun, 06/06/2021 - 12:00;1;28.53386105, 51.10083473
Mon, 06/07/2021 - 12:00;1;44.82494358, 15.83615663
Mon, 06/07/2021 - 12:00;1;28.70601548, -100.5121682
Mon, 06/07/2021 - 12:00;1;31.57152368, -111.3711987
Mon, 06/07/2021 - 12:00;1;31.54269, -111.23446
Tue, 06/08/2021 - 12:00;1;28.86035777, -100.5900667
Tue, 06/08/2021 - 12:00;1;-22.86132167, -68.09857265
Tue, 06/08/2021 - 12:00;1;-22.91728654, -67.79674134
Tue, 06/08/2021 - 12:00;1;31.73991, -111.005163
Tue, 06/08/2021 - 12:00;1;32.72816, -112.00154
Wed, 06/09/2021 - 12:00;1;11.96414423, 43.28973237
Wed, 06/09/2021 - 12:00;1;26.20468876, -98.5008908
Wed, 06/09/2021 - 12:00;1;27.38965142, -99.49302361
Wed, 06/09/2021 - 12:00;1;31.05124289, 61.50177317
Wed, 06/09/2021 - 12:00;1;28.95046741, 57.57054013
Thu, 06/10/2021 - 12:00;1;31.785267, -106.554545
Thu, 06/10/2021 - 12:00;1;25.97777195, -97.51466326
Thu, 06/10/2021 - 12:00;1;27.35501854, -99.48372901
Thu, 06/10/2021 - 12:00;1;7.158230103, -73.09444462
Thu, 06/10/2021 - 12:00;1;32.05753115, -108.330251
Thu, 06/10/2021 - 12:00;1;31.05124289, 61.50177317
Thu, 06/10/2021 - 12:00;1;30.27629382, 57.0662465
Thu, 06/10/2021 - 12:00;1;28.95046741, 57.57054013
Fri, 06/11/2021 - 12:00;1;31.754475, -106.426
Fri, 06/11/2021 - 12:00;1;34.29823043, 11.45701073
Fri, 06/11/2021 - 12:00;2;26.96045723, -79.11501934
Fri, 06/11/2021 - 12:00;1;31.946783, -112.883883
Fri, 06/11/2021 - 12:00;1;28.86914706, 61.16275687
Fri, 06/11/2021 - 12:00;1;27.35022729, 62.35316592
Sat, 06/12/2021 - 12:00;3;20.87840169, 92.30923042
Sat, 06/12/2021 - 12:00;1;8.397944801, 47.93776988
Sat, 06/12/2021 - 12:00;1;31.73784, -111.07666
Sat, 06/12/2021 - 12:00;1;37.56427965, 44.95937698
Sat, 06/12/2021 - 12:00;1;29.63186286, 52.51236196
Sun, 06/13/2021 - 12:00;2;36.9389761, 11.10181266
Sun, 06/13/2021 - 12:00;1;20.87840169, 92.30923042
Sun, 06/13/2021 - 12:00;2;32.99993552, 11.98125712
Sun, 06/13/2021 - 12:00;1;28.69871512, -100.5102039
Sun, 06/13/2021 - 12:00;1;32.0884126, -107.4481688
Sun, 06/13/2021 - 12:00;1;32.49750617, -114.480166
Sun, 06/13/2021 - 12:00;1;32.45678168, -114.5297033
Sun, 06/13/2021 - 12:00;1;31.701283, -111.93755
Sun, 06/13/2021 - 12:00;1;31.40201, -110.76178
Sun, 06/13/2021 - 12:00;1;31.59423, -111.72823
Sun, 06/13/2021 - 12:00;1;27.1892535, 56.23307736
Sun, 06/13/2021 - 12:00;1;44.822678, 15.902896
Mon, 06/14/2021 - 12:00;2;20.87840169, 92.30923042
Mon, 06/14/2021 - 12:00;3;33.04659627, 12.55254212
Mon, 06/14/2021 - 12:00;30;12.60917091, 43.93431565
Mon, 06/14/2021 - 12:00;1;31.87598, -111.76411
Mon, 06/14/2021 - 12:00;1;31.73016, -112.16498
Mon, 06/14/2021 - 12:00;1;35.68940913, 51.38958967
Mon, 06/14/2021 - 12:00;1;27.21161534, 60.68482798
Tue, 06/15/2021 - 12:00;1;32.817824, 12.450931
Tue, 06/15/2021 - 12:00;1;35.87049967, -5.338425807
Tue, 06/15/2021 - 12:00;1;33.63174624, -7.709904705
Tue, 06/15/2021 - 12:00;1;41.70895577, 26.3584402
Tue, 06/15/2021 - 12:00;1;44.68659195, 16.07802428
Tue, 06/15/2021 - 12:00;1;-19.28209365, -68.61117155
Tue, 06/15/2021 - 12:00;1;27.47874782, -99.4792803
Tue, 06/15/2021 - 12:00;1;31.828, -111.35616
Tue, 06/15/2021 - 12:00;1;31.975733, -112.14945
Tue, 06/15/2021 - 12:00;1;27.35022729, 62.35316592
Wed, 06/16/2021 - 12:00;1;31.78721121, -106.5457835
Wed, 06/16/2021 - 12:00;1;31.80675321, -106.6199581
Wed, 06/16/2021 - 12:00;1;25.89925589, -97.49857221
Wed, 06/16/2021 - 12:00;1;9.426195864, -83.71262203
Wed, 06/16/2021 - 12:00;1;19.57885023, -98.31507222
Wed, 06/16/2021 - 12:00;1;32.7656389, -111.975583
Wed, 06/16/2021 - 12:00;1;29.63186286, 52.51236196
Thu, 06/17/2021 - 12:00;5;29.238504, -13.442276
Thu, 06/17/2021 - 12:00;1;11.14202647, 42.71494991
Thu, 06/17/2021 - 12:00;1;24.68244358, -14.87534885
Thu, 06/17/2021 - 12:00;1;19.60223231, -98.13436917
Thu, 06/17/2021 - 12:00;1;31.59371, -111.88175
Thu, 06/17/2021 - 12:00;1;31.6654, -111.856917
Thu, 06/17/2021 - 12:00;1;30.27629382, 57.0662465
Thu, 06/17/2021 - 12:00;1;28.91397523, 50.92710097
Thu, 06/17/2021 - 12:00;7;22.74041316, 5.619747032
Fri, 06/18/2021 - 12:00;1;31.87142, -111.67391
Sat, 06/19/2021 - 12:00;1;32.817824, 12.450931
Sat, 06/19/2021 - 12:00;1;33.46233163, -112.3520941
Sat, 06/19/2021 - 12:00;71;23.73506553, -16.0541794
Sat, 06/19/2021 - 12:00;1;17.92067186, -94.9330168
Sat, 06/19/2021 - 12:00;1;26.0987163, -98.27847646
Sat, 06/19/2021 - 12:00;1;17.47146346, -91.42477594
Sat, 06/19/2021 - 12:00;1;35.68940913, 51.38958967
Sat, 06/19/2021 - 12:00;1;31.96625955, 54.75878479
Sat, 06/19/2021 - 12:00;1;29.47645121, 60.86744515
Sat, 06/19/2021 - 12:00;1;32.78393, -116.11895
Sun, 06/20/2021 - 12:00;1;32.65816134, -115.4907367
Sun, 06/20/2021 - 12:00;1;18.11252672, -95.45622108
Sun, 06/20/2021 - 12:00;7;18.46615079, -83.56022847
Sun, 06/20/2021 - 12:00;1;31.384382, -110.975182
Sun, 06/20/2021 - 12:00;1;29.47645121, 60.86744515
Mon, 06/21/2021 - 12:00;1;31.842883, -112.139983
Mon, 06/21/2021 - 12:00;1;31.673833, -111.8814
Mon, 06/21/2021 - 12:00;1;31.625417, -111.11985
Mon, 06/21/2021 - 12:00;1;35.68940913, 51.38958967
Tue, 06/22/2021 - 12:00;2;29.23247989, -100.1366453
Tue, 06/22/2021 - 12:00;15;9.038525113, -76.33946531
Tue, 06/22/2021 - 12:00;1;31.365315, -110.102389
Tue, 06/22/2021 - 12:00;1;31.87844, -111.83726
Tue, 06/22/2021 - 12:00;1;32.20701, -111.27506
Tue, 06/22/2021 - 12:00;1;31.903966, -111.493689
Tue, 06/22/2021 - 12:00;1;37.56427965, 44.95937698
Wed, 06/23/2021 - 12:00;1;31.52076745, -104.482768
Wed, 06/23/2021 - 12:00;2;28.94451373, -100.3304508
Wed, 06/23/2021 - 12:00;2;27.5236535, -99.51220273
Thu, 06/24/2021 - 12:00;1;27.16606866, -15.58094782
Thu, 06/24/2021 - 12:00;1;32.817824, 12.450931
Thu, 06/24/2021 - 12:00;1;29.36995037, -101.0726338
Thu, 06/24/2021 - 12:00;1;31.69140966, -106.4265637
Thu, 06/24/2021 - 12:00;20;21.514388, -71.043143
Thu, 06/24/2021 - 12:00;1;31.8454, -111.3473
Thu, 06/24/2021 - 12:00;1;31.38989, -110.10595
Thu, 06/24/2021 - 12:00;1;32.25398987, 52.50577501
Thu, 06/24/2021 - 12:00;1;29.47645121, 60.86744515
Thu, 06/24/2021 - 12:00;1;29.47645121, 60.86744515
Thu, 06/24/2021 - 12:00;1;29.47645121, 60.86744515
Thu, 06/24/2021 - 12:00;1;29.1403563, 58.1782498
Fri, 06/25/2021 - 12:00;24;21.28937362, 0.999485158
Fri, 06/25/2021 - 12:00;1;32.20058324, -110.9037255
Fri, 06/25/2021 - 12:00;1;27.5236535, -99.51220273
Fri, 06/25/2021 - 12:00;1;31.63675, -111.51941
Fri, 06/25/2021 - 12:00;1;28.95046741, 57.57054013
Fri, 06/25/2021 - 12:00;1;28.91397523, 50.92710097
Fri, 06/25/2021 - 12:00;1;28.23007995, 61.19603687
Sat, 06/26/2021 - 12:00;1;32.94011015, 12.08667864
Sat, 06/26/2021 - 12:00;1;32.65485255, -116.2463698
Sat, 06/26/2021 - 12:00;1;28.6936675, -100.5106763
Sat, 06/26/2021 - 12:00;1;31.816233, -112.560717
Sat, 06/26/2021 - 12:00;46;33.01479981, 12.54897854
Sat, 06/26/2021 - 12:00;1;35.68940913, 51.38958967
Sun, 06/27/2021 - 12:00;1;26.3500742, -15.55680579
Sun, 06/27/2021 - 12:00;2;33.8134549, 11.03207887
Sun, 06/27/2021 - 12:00;40;26.1246968, -14.59550817
Sun, 06/27/2021 - 12:00;3;37.97424245, 42.64689044
Sun, 06/27/2021 - 12:00;1;30.52044183, -104.8739003
Sun, 06/27/2021 - 12:00;1;30.5787, -104.89828
Mon, 06/28/2021 - 12:00;2;27.65035716, -15.58204989
Mon, 06/28/2021 - 12:00;22;34.87695, 11.15669
Mon, 06/28/2021 - 12:00;1;17.17872459, -93.57205686
Mon, 06/28/2021 - 12:00;1;31.86785, -112.1309
Mon, 06/28/2021 - 12:00;1;31.67793, -111.85005
Mon, 06/28/2021 - 12:00;1;31.579227, -111.722799
Mon, 06/28/2021 - 12:00;1;30.89202146, 61.68389773
Tue, 06/29/2021 - 12:00;18;28.127946, -13.872245
Tue, 06/29/2021 - 12:00;1;45.03109, 16.35569
Tue, 06/29/2021 - 12:00;1;19.41460771, -98.13470713
Tue, 06/29/2021 - 12:00;1;32.40244, -113.13169
Tue, 06/29/2021 - 12:00;1;32.0577019, -112.1430215
Tue, 06/29/2021 - 12:00;1;32.59528, -111.99042
Tue, 06/29/2021 - 12:00;1;32.40244, -113.13169
Tue, 06/29/2021 - 12:00;1;32.213049, 54.079164
Tue, 06/29/2021 - 12:00;1;27.35022729, 62.35316592
Wed, 06/30/2021 - 12:00;16;35.42625723, 12.60431809
Wed, 06/30/2021 - 12:00;3;34.88019519, 10.67235167
Wed, 06/30/2021 - 12:00;2;45.526681, 14.920106
Wed, 06/30/2021 - 12:00;1;32.60582, -116.81832
Wed, 06/30/2021 - 12:00;10;34.71990251, 10.79592473
Wed, 06/30/2021 - 12:00;1;32.59735134, -116.7849622
Wed, 06/30/2021 - 12:00;17;36.03409952, 0.023477819
Wed, 06/30/2021 - 12:00;13;27.247328, -98.126699
Wed, 06/30/2021 - 12:00;1;32.0805, -113.272667
Wed, 06/30/2021 - 12:00;1;31.82985, -111.781767
Wed, 06/30/2021 - 12:00;1;31.60263689, -111.3146667
Wed, 06/30/2021 - 12:00;1;36.8127762, 59.0964723
Thu, 07/01/2021 - 12:00;5;34.88019519, 10.67235167
Thu, 07/01/2021 - 12:00;1;28.31588041, -100.3774898
Thu, 07/01/2021 - 12:00;11;36.6131885, 2.189831228
Thu, 07/01/2021 - 12:00;1;19.2683361, -68.63540398
Thu, 07/01/2021 - 12:00;1;32.25398987, 52.50577501
Thu, 07/01/2021 - 12:00;1;26.526372, 54.013255
Thu, 07/01/2021 - 12:00;1;25.305077, 60.657897
Thu, 07/01/2021 - 12:00;1;29.63186286, 52.51236196
Thu, 07/01/2021 - 12:00;1;27.1793466, 56.2781423
Thu, 07/01/2021 - 12:00;1;29.516516, 60.851173
Fri, 07/02/2021 - 12:00;2;32.79305271, 12.72579484
Fri, 07/02/2021 - 12:00;6;32.94011015, 12.08667864
Fri, 07/02/2021 - 12:00;8;32.79305271, 12.72579484
Fri, 07/02/2021 - 12:00;4;32.79305271, 12.72579484
Fri, 07/02/2021 - 12:00;1;27.50327832, -99.52799411
Fri, 07/02/2021 - 12:00;1;31.5835, -111.743167
Fri, 07/02/2021 - 12:00;1;27.673846, 54.312756
Fri, 07/02/2021 - 12:00;1;27.21161534, 60.68482798
Fri, 07/02/2021 - 12:00;1;27.35022729, 62.35316592
Sat, 07/03/2021 - 12:00;3;35.08259488, 10.99725328
Sat, 07/03/2021 - 12:00;1;35.733824, -0.85511
Sat, 07/03/2021 - 12:00;12;35.25755668, -3.909738195
Sat, 07/03/2021 - 12:00;37;33.51423538, 11.12653239
Sat, 07/03/2021 - 12:00;2;33.51423538, 11.12653239
Sat, 07/03/2021 - 12:00;14;34.71990251, 10.79592473
Sat, 07/03/2021 - 12:00;1;39.4519, -0.09907
Sat, 07/03/2021 - 12:00;1;31.05124289, 61.50177317
Sun, 07/04/2021 - 12:00;3;34.79575492, 10.85210783
Sun, 07/04/2021 - 12:00;7;32.79305271, 12.72579484
Sun, 07/04/2021 - 12:00;6;32.79305271, 12.72579484
Sun, 07/04/2021 - 12:00;4;34.71990251, 10.79592473
Sun, 07/04/2021 - 12:00;21;34.71990251, 10.79592473
Sun, 07/04/2021 - 12:00;1;11.3092574, 42.92740692
Sun, 07/04/2021 - 12:00;3;4.212583373, -74.99532582
Mon, 07/05/2021 - 12:00;2;32.94011015, 12.08667864
Mon, 07/05/2021 - 12:00;21;34.71990251, 10.79592473
Mon, 07/05/2021 - 12:00;9;24.279929, -81.5048832
Mon, 07/05/2021 - 12:00;1;28.91397523, 50.92710097
Tue, 07/06/2021 - 12:00;1;41.24895894, 26.35655359
Tue, 07/06/2021 - 12:00;1;32.796617, 12.752589
Tue, 07/06/2021 - 12:00;1;32.61612324, -115.8408434
Tue, 07/06/2021 - 12:00;2;18.11522379, -70.31819296
Tue, 07/06/2021 - 12:00;1;31.93265, -112.3656
Tue, 07/06/2021 - 12:00;1;31.791667, -111.953683
Tue, 07/06/2021 - 12:00;1;30.30573986, 56.00364259
Wed, 07/07/2021 - 12:00;8;36.55367, 1.123668
Wed, 07/07/2021 - 12:00;1;31.88472913, 54.33057395
Wed, 07/07/2021 - 12:00;1;32.718267, -114.888787
Thu, 07/08/2021 - 12:00;20;18.33941698, -68.94225284
Thu, 07/08/2021 - 12:00;1;31.62846, -111.803
Thu, 07/08/2021 - 12:00;1;31.906839, -111.839814
Thu, 07/08/2021 - 12:00;1;31.05124289, 61.50177317
Thu, 07/08/2021 - 12:00;1;30.27629382, 57.0662465
Fri, 07/09/2021 - 12:00;1;32.416533, -111.65485
Fri, 07/09/2021 - 12:00;1;30.27629382, 57.0662465
Fri, 07/09/2021 - 12:00;1;32.25398987, 52.50577501
Fri, 07/09/2021 - 12:00;1;32.6971, -116.08127
Fri, 07/09/2021 - 12:00;1;32.779775, -115.568425
Sat, 07/10/2021 - 12:00;8;34.71990251, 10.79592473
Sat, 07/10/2021 - 12:00;1;26.40729886, -99.04754947
Sat, 07/10/2021 - 12:00;1;31.3694, -110.09
Sat, 07/10/2021 - 12:00;1;27.35022729, 62.35316592
Sat, 07/10/2021 - 12:00;1;30.668333, 51.588056
Sun, 07/11/2021 - 12:00;11;38.99725095, 43.75997909
Sun, 07/11/2021 - 12:00;12;32.85868201, 12.2449859
Sun, 07/11/2021 - 12:00;3;32.85868201, 12.2449859
Sun, 07/11/2021 - 12:00;2;32.85868201, 12.2449859
Sun, 07/11/2021 - 12:00;1;19.17897262, -97.90315729
Sun, 07/11/2021 - 12:00;6;40.12453287, -102.7255099
Sun, 07/11/2021 - 12:00;1;30.27629382, 57.0662465
Mon, 07/12/2021 - 12:00;16;26.1141318, -14.50875258
Mon, 07/12/2021 - 12:00;1;31.5991, -111.73212
Mon, 07/12/2021 - 12:00;1;32.1105, -114.93214
Tue, 07/13/2021 - 12:00;1;31.49607, -109.32333
Tue, 07/13/2021 - 12:00;1;29.907916, 56.586928
Wed, 07/14/2021 - 12:00;3;34.74008415, 13.08897064
Wed, 07/14/2021 - 12:00;1;24.79530743, 34.50681773
Wed, 07/14/2021 - 12:00;1;27.63791754, -15.70822938
Wed, 07/14/2021 - 12:00;1;28.95046741, 57.57054013
Wed, 07/14/2021 - 12:00;22;36.07023884, 4.761893153
Thu, 07/15/2021 - 12:00;1;31.5115, -110.7475
Thu, 07/15/2021 - 12:00;1;35.68940913, 51.38958967
Thu, 07/15/2021 - 12:00;1;30.30573986, 56.00364259
Thu, 07/15/2021 - 12:00;1;27.190837, 60.479822
Thu, 07/15/2021 - 12:00;1;31.88472913, 54.33057395
Thu, 07/15/2021 - 12:00;1;29.63186286, 52.51236196
Thu, 07/15/2021 - 12:00;1;29.47645121, 60.86744515
Thu, 07/15/2021 - 12:00;1;30.30573986, 56.00364259
Fri, 07/16/2021 - 12:00;1;11.01191444, -74.81761458
Fri, 07/16/2021 - 12:00;1;31.705467, -111.882083
Fri, 07/16/2021 - 12:00;1;31.90575, -111.7615
Fri, 07/16/2021 - 12:00;1;31.59611, -109.49583
Fri, 07/16/2021 - 12:00;1;30.30573986, 56.00364259
Sat, 07/17/2021 - 12:00;1;26.03362, -97.742664
Sat, 07/17/2021 - 12:00;1;32.83925342, 13.00863512
Sat, 07/17/2021 - 12:00;1;32.39112, -113.14451
Sat, 07/17/2021 - 12:00;1;27.1793466, 56.2781423
Sun, 07/18/2021 - 12:00;1;28.14665169, -13.37244008
Sun, 07/18/2021 - 12:00;1;7.906213174, -72.49843797
Sun, 07/18/2021 - 12:00;1;32.1173598, -113.1905203
Sun, 07/18/2021 - 12:00;1;32.68717, -115.40261
Mon, 07/19/2021 - 12:00;1;11.3092574, 42.92740692
Mon, 07/19/2021 - 12:00;10;21.95157798, 6.763302221
Mon, 07/19/2021 - 12:00;1;27.65968155, 52.65745708
Mon, 07/19/2021 - 12:00;1;27.35022729, 62.35316592
Mon, 07/19/2021 - 12:00;1;29.63186286, 52.51236196
Mon, 07/19/2021 - 12:00;1;30.27629382, 57.0662465
Tue, 07/20/2021 - 12:00;1;31.94160047, -113.0617515
Tue, 07/20/2021 - 12:00;1;31.99301, -111.9799
Tue, 07/20/2021 - 12:00;1;27.673846, 54.312756
Tue, 07/20/2021 - 12:00;1;30.30573986, 56.00364259
Wed, 07/21/2021 - 12:00;18;33.51423538, 11.12653239
Wed, 07/21/2021 - 12:00;1;35.87601, -5.33416
Wed, 07/21/2021 - 12:00;1;31.88472913, 54.33057395
Thu, 07/22/2021 - 12:00;5;34.866318248, 27.1632598
Thu, 07/22/2021 - 12:00;3;34.866318248, 27.1632598
Thu, 07/22/2021 - 12:00;1;28.51079403, -99.91022804
Thu, 07/22/2021 - 12:00;1;16.54858089, -95.10283759
Thu, 07/22/2021 - 12:00;1;29.47645121, 60.86744515
Fri, 07/23/2021 - 12:00;1;44.356577, 16.376229
Fri, 07/23/2021 - 12:00;1;29.2631881, -99.84738576
Fri, 07/23/2021 - 12:00;1;35.87667, -5.33532
Fri, 07/23/2021 - 12:00;1;32.20058324, -110.9037255
Fri, 07/23/2021 - 12:00;1;32.88184699, 13.10811084
Fri, 07/23/2021 - 12:00;1;11.51977308, -72.8986871
Fri, 07/23/2021 - 12:00;1;31.684917, -111.9938
Sat, 07/24/2021 - 12:00;2;35.34293052, 11.34521001
Sat, 07/24/2021 - 12:00;1;35.90097, -5.29781
Sun, 07/25/2021 - 12:00;1;32.547702, -116.980396
Sun, 07/25/2021 - 12:00;2;27.36813494, -99.50095608
Sun, 07/25/2021 - 12:00;1;27.21161534, 60.68482798
Mon, 07/26/2021 - 12:00;53;32.66494504, 14.27642337
Mon, 07/26/2021 - 12:00;3;32.66494504, 14.27642337
Mon, 07/26/2021 - 12:00;1;32.66494504, 14.27642337
Mon, 07/26/2021 - 12:00;1;31.748986, -106.482543
Mon, 07/26/2021 - 12:00;1;31.781506, -106.527882
Mon, 07/26/2021 - 12:00;2;26.22189127, -98.45438095
Mon, 07/26/2021 - 12:00;1;27.49981976, -99.50114439
Mon, 07/26/2021 - 12:00;1;27.59081032, -101.3810119
Mon, 07/26/2021 - 12:00;1;31.757097, -111.969108
Tue, 07/27/2021 - 12:00;1;32.55042921, -116.9361241
Tue, 07/27/2021 - 12:00;1;31.77578307, -106.4644307
Tue, 07/27/2021 - 12:00;1;36.46086089, 0.602893465
Wed, 07/28/2021 - 12:00;3;35.23541224, 11.15850388
Wed, 07/28/2021 - 12:00;5;35.342159, 11.18454915
Wed, 07/28/2021 - 12:00;1;28.67780738, -100.5309605
Wed, 07/28/2021 - 12:00;12;18.72080052, -68.04710198
Wed, 07/28/2021 - 12:00;1;27.35022729, 62.35316592
Wed, 07/28/2021 - 12:00;1;28.91397523, 50.92710097
Thu, 07/29/2021 - 12:00;1;32.66494504, 14.27642337
Thu, 07/29/2021 - 12:00;1;32.25398987, 52.50577501
Thu, 07/29/2021 - 12:00;1;27.35022729, 62.35316592
Thu, 07/29/2021 - 12:00;1;27.35022729, 62.35316592
Thu, 07/29/2021 - 12:00;19;19.1374, 13.402547
Fri, 07/30/2021 - 12:00;3;38.72745572, 26.2952878
Fri, 07/30/2021 - 12:00;1;0.923706344, -77.72794854
Fri, 07/30/2021 - 12:00;1;32.506477, -111.581589
Fri, 07/30/2021 - 12:00;1;27.1793466, 56.2781423
Fri, 07/30/2021 - 12:00;1;19.1226, 12.011645
Sat, 07/31/2021 - 12:00;1;27.491216, -97.84983
Sat, 07/31/2021 - 12:00;1;33.01514348, 12.60631099
Sat, 07/31/2021 - 12:00;1;25.34821715, -102.8544973
Sat, 07/31/2021 - 12:00;1;28.91397523, 50.92710097
Sat, 07/31/2021 - 12:00;4;24.89027988, 23.04969825
Sun, 08/01/2021 - 12:00;1;32.468858, -114.579342
Sun, 08/01/2021 - 12:00;2;36.64611797, 2.208953218
Sun, 08/01/2021 - 12:00;1;14.865967, -92.310651
Mon, 08/02/2021 - 12:00;12;35.0280963, 11.00838643
Mon, 08/02/2021 - 12:00;1;28.50998, -100.32759
Mon, 08/02/2021 - 12:00;1;0.814798535, -77.66457573
Mon, 08/02/2021 - 12:00;1;24.93411036, 14.6332043
Tue, 08/03/2021 - 12:00;2;14.87556229, -92.30682011
Tue, 08/03/2021 - 12:00;1;32.34638968, -106.816155
Wed, 08/04/2021 - 12:00;4;41.27689, 26.67407
Wed, 08/04/2021 - 12:00;3;26.93791, -98.13787
Wed, 08/04/2021 - 12:00;1;26.93791, -98.13787
Wed, 08/04/2021 - 12:00;6;26.93791, -98.13787
Wed, 08/04/2021 - 12:00;1;27.00871835, -98.21819255
Wed, 08/04/2021 - 12:00;1;54.26406629, 25.35429945
Wed, 08/04/2021 - 12:00;1;31.96975, -111.37328
Thu, 08/05/2021 - 12:00;42;23.74187646, -15.93733694
Thu, 08/05/2021 - 12:00;1;16.24278829, -92.34873761
Fri, 08/06/2021 - 12:00;1;26.37642, -98.85824
Fri, 08/06/2021 - 12:00;7;31.09968359, 21.41265403
Fri, 08/06/2021 - 12:00;1;36.6019598, 2.159484877
Fri, 08/06/2021 - 12:00;1;31.784217, -111.6265
Sat, 08/07/2021 - 12:00;1;26.37605154, -98.82241169
Sat, 08/07/2021 - 12:00;8;32.85868201, 12.2449859
Sat, 08/07/2021 - 12:00;1;14.89881277, -92.26885475
Sat, 08/07/2021 - 12:00;1;31.65658, -111.838418
Sat, 08/07/2021 - 12:00;1;31.375806, -110.053722
Sat, 08/07/2021 - 12:00;1;32.657916, -111.408201
Sun, 08/08/2021 - 12:00;1;43.342171, -1.771777
Sun, 08/08/2021 - 12:00;2;14.90657249, -92.26359259
Sun, 08/08/2021 - 12:00;12;35.15349237, 11.05134475
Sun, 08/08/2021 - 12:00;1;35.04212355, 11.02420093
Sun, 08/08/2021 - 12:00;1;35.52488725, 11.04311776
Mon, 08/09/2021 - 12:00;3;32.64174, -111.38443
Mon, 08/09/2021 - 12:00;3;27.96042791, -13.01695937
Mon, 08/09/2021 - 12:00;15;27.96042791, -13.01695937
Mon, 08/09/2021 - 12:00;1;8.373099752, -77.78005398
Mon, 08/09/2021 - 12:00;1;7.403576138, -79.55944378
Mon, 08/09/2021 - 12:00;5;35.52488725, 11.04311776
Mon, 08/09/2021 - 12:00;3;35.08361366, 11.0237088
Mon, 08/09/2021 - 12:00;1;31.915917, -112.58185
Mon, 08/09/2021 - 12:00;1;32.140333, -113.2485
Mon, 08/09/2021 - 12:00;1;32.6755, -115.4651
Mon, 08/09/2021 - 12:00;1;32.755115, -115.218055
Tue, 08/10/2021 - 12:00;14;23.14306165, -18.1522512
Tue, 08/10/2021 - 12:00;1;31.9174752, -106.1672751
Tue, 08/10/2021 - 12:00;1;27.03442399, 14.42523921
Wed, 08/11/2021 - 12:00;6;33.7446278, 7.598138815
Wed, 08/11/2021 - 12:00;1;12.38754931, 43.34358371
Wed, 08/11/2021 - 12:00;1;26.46599024, -98.15655782
Wed, 08/11/2021 - 12:00;1;35.30057238, -2.94178006
Wed, 08/11/2021 - 12:00;1;32.259483, -113.245333
Wed, 08/11/2021 - 12:00;1;35.899317, -5.334479
Thu, 08/12/2021 - 12:00;13;22.51527112, -18.39395041
Thu, 08/12/2021 - 12:00;1;51.10719891, 2.006317652
Thu, 08/12/2021 - 12:00;1;28.2610827, -97.28283767
Thu, 08/12/2021 - 12:00;1;32.4109064, -106.8592632
Thu, 08/12/2021 - 12:00;1;36.61983828, 2.230056864
Thu, 08/12/2021 - 12:00;12;36.6131885, 2.189831228
Fri, 08/13/2021 - 12:00;3;35.96702242, 0.071543749
Fri, 08/13/2021 - 12:00;10;36.77001041, 3.469499215
Fri, 08/13/2021 - 12:00;2;35.23338838, 11.19573032
Fri, 08/13/2021 - 12:00;1;31.78041958, -106.5499374
Fri, 08/13/2021 - 12:00;5;31.72472612, -106.4826913
Fri, 08/13/2021 - 12:00;1;31.72472612, -106.4826913
Fri, 08/13/2021 - 12:00;1;31.02631, 61.524888
Sat, 08/14/2021 - 12:00;22;22.36728953, 91.56243922
Sat, 08/14/2021 - 12:00;1;36.7025268, 10.95407552
Sat, 08/14/2021 - 12:00;1;3.465696606, -76.52190059
Sat, 08/14/2021 - 12:00;1;3.155459107, -76.27819571
Sun, 08/15/2021 - 12:00;47;20.093743, -17.617094
Sun, 08/15/2021 - 12:00;0;28.60508642, 15.76760457
Sun, 08/15/2021 - 12:00;0;28.60508642, 15.76760457
Sun, 08/15/2021 - 12:00;5;19.84268335, 0.79527669
Sun, 08/15/2021 - 12:00;1;22.50184402, -89.73528634
Sun, 08/15/2021 - 12:00;1;32.56647962, -116.6708237
Sun, 08/15/2021 - 12:00;37;27.53180696, -99.43051646
Sun, 08/15/2021 - 12:00;1;32.55613766, -114.78742
Mon, 08/16/2021 - 12:00;3;34.56611006, 69.21110283
Mon, 08/16/2021 - 12:00;1;34.56611006, 69.21110283
Mon, 08/16/2021 - 12:00;2;34.56611006, 69.21110283
Mon, 08/16/2021 - 12:00;1;34.56611006, 69.21110283
Mon, 08/16/2021 - 12:00;1;16.54858089, -95.10283759
Mon, 08/16/2021 - 12:00;1;31.9107, -112.917883
Mon, 08/16/2021 - 12:00;1;28.91397523, 50.92710097
Tue, 08/17/2021 - 12:00;1;20.25411641, -99.65827089
Tue, 08/17/2021 - 12:00;1;28.23007995, 61.19603687
Tue, 08/17/2021 - 12:00;1;24.93411036, 14.6332043
Wed, 08/18/2021 - 12:00;1;53.3853869, -1.461051509
Wed, 08/18/2021 - 12:00;1;28.72236965, -100.516232
Wed, 08/18/2021 - 12:00;1;31.608192, 25.04978
Thu, 08/19/2021 - 12:00;52;25.553523, -15.591832
Thu, 08/19/2021 - 12:00;3;13.9320984, 102.7314177
Thu, 08/19/2021 - 12:00;1;32.54940206, -114.7907489
Thu, 08/19/2021 - 12:00;2;28.69539491, -100.5093765
Thu, 08/19/2021 - 12:00;1;11.96414423, 43.28973237
Thu, 08/19/2021 - 12:00;2;28.71240893, -100.5104065
Thu, 08/19/2021 - 12:00;1;28.68442976, -100.5086449
Thu, 08/19/2021 - 12:00;1;28.23007995, 61.19603687
Thu, 08/19/2021 - 12:00;1;28.23007995, 61.19603687
Thu, 08/19/2021 - 12:00;1;28.23007995, 61.19603687
Thu, 08/19/2021 - 12:00;1;27.1793466, 56.2781423
Thu, 08/19/2021 - 12:00;1;27.05236046, 14.41354773
Fri, 08/20/2021 - 12:00;5;28.43185142, 15.47829084
Fri, 08/20/2021 - 12:00;3;28.43185142, 15.47829084
Fri, 08/20/2021 - 12:00;2;23.84772302, 15.99563744
Fri, 08/20/2021 - 12:00;1;31.67463, -111.268396
Sat, 08/21/2021 - 12:00;1;37.99539709, 12.32134935
Sat, 08/21/2021 - 12:00;1;26.09821363, -98.27543458
Sat, 08/21/2021 - 12:00;1;26.10671821, -98.26867505
Sat, 08/21/2021 - 12:00;2;32.78876975, -114.4240425
Sat, 08/21/2021 - 12:00;1;28.69755865, -100.5113841
Sat, 08/21/2021 - 12:00;1;28.91397523, 50.92710097
Sun, 08/22/2021 - 12:00;1;27.60593193, -14.09434798
Sun, 08/22/2021 - 12:00;1;27.52191909, -99.52628485
Sun, 08/22/2021 - 12:00;1;19.26628699, -68.65004072
Mon, 08/23/2021 - 12:00;13;33.42943388, 12.06490843
Mon, 08/23/2021 - 12:00;2;33.42943388, 12.06490843
Mon, 08/23/2021 - 12:00;1;33.42943388, 12.06490843
Mon, 08/23/2021 - 12:00;1;33.42943388, 12.06490843
Mon, 08/23/2021 - 12:00;1;32.75483468, 13.71666686
Mon, 08/23/2021 - 12:00;2;32.85868201, 12.2449859
Mon, 08/23/2021 - 12:00;1;27.48487755, -99.48012225
Mon, 08/23/2021 - 12:00;1;30.27629382, 57.0662465
Mon, 08/23/2021 - 12:00;1;27.04785, 14.438844
Tue, 08/24/2021 - 12:00;2;41.254758, 26.331585
Tue, 08/24/2021 - 12:00;1;41.254758, 26.331585
Tue, 08/24/2021 - 12:00;1;32.28479, -113.33299
Tue, 08/24/2021 - 12:00;1;31.9548594, -111.9433027
Wed, 08/25/2021 - 12:00;11;29.06973659, -13.92888709
Wed, 08/25/2021 - 12:00;1;32.85868201, 12.2449859
Wed, 08/25/2021 - 12:00;1;32.75483468, 13.71666686
Wed, 08/25/2021 - 12:00;7;32.85868201, 12.2449859
Wed, 08/25/2021 - 12:00;1;35.78508672, -5.348679289
Wed, 08/25/2021 - 12:00;1;35.876253, -5.32524
Wed, 08/25/2021 - 12:00;1;46.105723, 19.599011
Thu, 08/26/2021 - 12:00;4;32.817824, 12.450931
Thu, 08/26/2021 - 12:00;12;33.42943388, 12.06490843
Thu, 08/26/2021 - 12:00;1;17.96096906, -67.10421332
Thu, 08/26/2021 - 12:00;1;31.348334, -109.4876
Thu, 08/26/2021 - 12:00;1;30.27629382, 57.0662465
Thu, 08/26/2021 - 12:00;1;32.4288, -114.5397
Thu, 08/26/2021 - 12:00;1;31.608192, 25.04978
Fri, 08/27/2021 - 12:00;4;33.99768329, 12.64107702
Fri, 08/27/2021 - 12:00;1;32.79304584, 12.60424023
Fri, 08/27/2021 - 12:00;24;23.353795, -19.689307
Fri, 08/27/2021 - 12:00;4;23.353795, -19.689307
Fri, 08/27/2021 - 12:00;1;23.353795, -19.689307
Fri, 08/27/2021 - 12:00;38;15.959663, -16.84154
Fri, 08/27/2021 - 12:00;1;35.81506138, 5.351325781
Fri, 08/27/2021 - 12:00;1;35.915393, -5.314667
Fri, 08/27/2021 - 12:00;1;11.96414423, 43.28973237
Fri, 08/27/2021 - 12:00;1;26.29722611, -98.61748442
Fri, 08/27/2021 - 12:00;167;34.56611006, 69.21110283
Fri, 08/27/2021 - 12:00;1;14.84828171, -92.26758108
Fri, 08/27/2021 - 12:00;1;14.88270192, -92.27015248
Fri, 08/27/2021 - 12:00;2;33.01479981, 12.54897854
Fri, 08/27/2021 - 12:00;1;27.35022729, 62.35316592
Fri, 08/27/2021 - 12:00;1;27.35022729, 62.35316592
Fri, 08/27/2021 - 12:00;1;34.062187, 49.708889
Sat, 08/28/2021 - 12:00;18;30.41972831, 10.56102432
Sat, 08/28/2021 - 12:00;1;41.340419, 26.621926
Sat, 08/28/2021 - 12:00;6;32.26128403, 22.66336716
Sat, 08/28/2021 - 12:00;3;25.61190632, -80.15873385
Sat, 08/28/2021 - 12:00;1;31.83744206, -112.7639748
Sat, 08/28/2021 - 12:00;1;27.35022729, 62.35316592
Sat, 08/28/2021 - 12:00;1;34.062187, 49.708889
Sat, 08/28/2021 - 12:00;1;27.21161534, 60.68482798
Sat, 08/28/2021 - 12:00;1;27.21161534, 60.68482798
Sat, 08/28/2021 - 12:00;1;27.21161534, 60.68482798
Sat, 08/28/2021 - 12:00;1;27.21161534, 60.68482798
Sat, 08/28/2021 - 12:00;1;27.21161534, 60.68482798
Sat, 08/28/2021 - 12:00;1;27.21161534, 60.68482798
Sat, 08/28/2021 - 12:00;1;27.02907127, 14.43298611
Sun, 08/29/2021 - 12:00;1;32.0666324, -109.001623
Sun, 08/29/2021 - 12:00;1;28.48411159, -100.3103166
Sun, 08/29/2021 - 12:00;1;43.79455788, 7.587981798
Sun, 08/29/2021 - 12:00;1;31.91070632, -112.8477302
Mon, 08/30/2021 - 12:00;3;41.333634, 26.608672
Mon, 08/30/2021 - 12:00;1;41.68840291, 26.43975126
Mon, 08/30/2021 - 12:00;1;32.35807965, -111.0442281
Mon, 08/30/2021 - 12:00;1;27.1793466, 56.2781423
Mon, 08/30/2021 - 12:00;1;32.70527, -115.218677
Tue, 08/31/2021 - 12:00;11;28.085275, -13.853222
Tue, 08/31/2021 - 12:00;76;22.11104711, -16.75183311
Tue, 08/31/2021 - 12:00;5;22.11104711, -16.75183311
Tue, 08/31/2021 - 12:00;5;22.11104711, -16.75183311
Tue, 08/31/2021 - 12:00;1;25.59954102, -99.99604217
Tue, 08/31/2021 - 12:00;1;31.7813, -111.0858
Tue, 08/31/2021 - 12:00;1;31.724367, -111.98705
Tue, 08/31/2021 - 12:00;3;29.08506501, 58.33641288
Tue, 08/31/2021 - 12:00;2;34.12307543, 71.093645
Tue, 08/31/2021 - 12:00;1;27.046295, 14.427437
Wed, 09/01/2021 - 12:00;1;28.52618709, -99.85643843
Wed, 09/01/2021 - 12:00;1;31.66081, -111.86031
Wed, 09/01/2021 - 12:00;1;31.05124289, 61.50177317
Thu, 09/02/2021 - 12:00;1;35.870894, -5.342543
Thu, 09/02/2021 - 12:00;2;51.96406396, 21.01384333
Thu, 09/02/2021 - 12:00;1;31.05035663, -104.9682547
Thu, 09/02/2021 - 12:00;1;35.88328026, 0.30553089
Thu, 09/02/2021 - 12:00;4;30.95548799, 66.43793571
Thu, 09/02/2021 - 12:00;1;41.683667, 26.419139
Thu, 09/02/2021 - 12:00;1;31.8624492, -111.8814056
Thu, 09/02/2021 - 12:00;1;28.95046741, 57.57054013
Fri, 09/03/2021 - 12:00;1;27.49942429, -99.49905339
Fri, 09/03/2021 - 12:00;1;32.6715071, -115.4086633
Fri, 09/03/2021 - 12:00;1;32.45723, -112.67819
Fri, 09/03/2021 - 12:00;1;32.37884, -113.11405
Fri, 09/03/2021 - 12:00;1;31.769917, -112.1308
Fri, 09/03/2021 - 12:00;1;29.47645121, 60.86744515
Fri, 09/03/2021 - 12:00;1;29.424292, 55.718003
Sat, 09/04/2021 - 12:00;1;8.421518484, -76.77170931
Sat, 09/04/2021 - 12:00;2;8.421518484, -76.77170931
Sat, 09/04/2021 - 12:00;1;29.424292, 55.718003
Sat, 09/04/2021 - 12:00;1;29.1403563, 58.1782498
Sat, 09/04/2021 - 12:00;3;36.07023884, 4.761893153
Sun, 09/05/2021 - 12:00;1;27.35022729, 62.35316592
Sun, 09/05/2021 - 12:00;1;27.35022729, 62.35316592
Sun, 09/05/2021 - 12:00;1;27.35022729, 62.35316592
Sun, 09/05/2021 - 12:00;1;27.35022729, 62.35316592
Sun, 09/05/2021 - 12:00;1;27.35022729, 62.35316592
Sun, 09/05/2021 - 12:00;1;29.63186286, 52.51236196
Sun, 09/05/2021 - 12:00;1;27.35022729, 62.35316592
Mon, 09/06/2021 - 12:00;1;29.1789173, -99.84701076
Mon, 09/06/2021 - 12:00;1;27.1793466, 56.2781423
Mon, 09/06/2021 - 12:00;1;27.21161534, 60.68482798
Mon, 09/06/2021 - 12:00;1;24.67390976, 22.52902912
Tue, 09/07/2021 - 12:00;1;27.16301763, -98.15002754
Tue, 09/07/2021 - 12:00;1;25.88122824, -97.49266183
Tue, 09/07/2021 - 12:00;1;31.9773935, -111.7345073
Tue, 09/07/2021 - 12:00;1;27.35022729, 62.35316592
Tue, 09/07/2021 - 12:00;1;29.63186286, 52.51236196
Tue, 09/07/2021 - 12:00;1;27.35022729, 62.35316592
Tue, 09/07/2021 - 12:00;1;27.35022729, 62.35316592
Tue, 09/07/2021 - 12:00;1;27.1892535, 56.23307736
Tue, 09/07/2021 - 12:00;1;29.47556374, 55.66993734
Wed, 09/08/2021 - 12:00;1;32.92244735, 12.43632908
Wed, 09/08/2021 - 12:00;2;34.7719507, 11.0345329
Wed, 09/08/2021 - 12:00;1;41.287468, 26.463655
Wed, 09/08/2021 - 12:00;1;28.32311434, -100.3053812
Wed, 09/08/2021 - 12:00;1;31.935556, -112.365833
Wed, 09/08/2021 - 12:00;1;31.88375, -112.4077
Wed, 09/08/2021 - 12:00;1;41.30275096, 26.48012467
Wed, 09/08/2021 - 12:00;1;29.1403563, 58.1782498
Wed, 09/08/2021 - 12:00;1;27.99566687, 57.72427834
Thu, 09/09/2021 - 12:00;1;32.065317, -112.2135
Thu, 09/09/2021 - 12:00;1;31.421389, -111.008056
Thu, 09/09/2021 - 12:00;1;31.421667, -111.0075
Thu, 09/09/2021 - 12:00;1;29.1403563, 58.1782498
Thu, 09/09/2021 - 12:00;1;27.18681038, 56.28251779
Thu, 09/09/2021 - 12:00;1;32.70568, -115.01042
Fri, 09/10/2021 - 12:00;1;43.87782191, 18.31320921
Fri, 09/10/2021 - 12:00;1;31.33100254, -110.9995664
Fri, 09/10/2021 - 12:00;1;31.967333, -112.58355
Fri, 09/10/2021 - 12:00;1;29.63186286, 52.51236196
Fri, 09/10/2021 - 12:00;1;28.95046741, 57.57054013
Fri, 09/10/2021 - 12:00;1;29.1403563, 58.1782498
Sat, 09/11/2021 - 12:00;1;7.834481503, -72.52091326
Sat, 09/11/2021 - 12:00;23;18.40094006, -68.98329662
Sat, 09/11/2021 - 12:00;1;31.686067, -112.0191
Sat, 09/11/2021 - 12:00;1;31.05124289, 61.50177317
Sat, 09/11/2021 - 12:00;2;32.70568, -115.01042
Sat, 09/11/2021 - 12:00;1;25.028784, 14.503462
Sun, 09/12/2021 - 12:00;1;18.66941056, -96.80619775
Sun, 09/12/2021 - 12:00;1;32.25398987, 52.50577501
Sun, 09/12/2021 - 12:00;1;35.68940913, 51.38958967
Sun, 09/12/2021 - 12:00;1;29.1403563, 58.1782498
Sun, 09/12/2021 - 12:00;1;26.57235228, 54.89427137
Mon, 09/13/2021 - 12:00;1;27.17189336, -98.13619776
Mon, 09/13/2021 - 12:00;1;37.00136043, -1.889019232
Mon, 09/13/2021 - 12:00;1;41.68840291, 26.43975126
Mon, 09/13/2021 - 12:00;1;19.27555673, -68.64949272
Mon, 09/13/2021 - 12:00;1;17.88790637, -94.10003215
Mon, 09/13/2021 - 12:00;1;29.32800076, -100.9305296
Mon, 09/13/2021 - 12:00;1;31.663367, -112.050117
Tue, 09/14/2021 - 12:00;8;34.69520695, 10.76090543
Tue, 09/14/2021 - 12:00;2;37.8681166, 27.25702288
Tue, 09/14/2021 - 12:00;1;31.679026, -111.062826
Tue, 09/14/2021 - 12:00;1;31.96625955, 54.75878479
Tue, 09/14/2021 - 12:00;1;35.68940913, 51.38958967
Wed, 09/15/2021 - 12:00;1;32.642067, -112.145533
Wed, 09/15/2021 - 12:00;1;32.226967, -112.359017
Wed, 09/15/2021 - 12:00;1;32.01597, -112.71192
Wed, 09/15/2021 - 12:00;1;31.05124289, 61.50177317
Wed, 09/15/2021 - 12:00;1;30.27629382, 57.0662465
Wed, 09/15/2021 - 12:00;1;31.3350096, 48.8702866
Thu, 09/16/2021 - 12:00;1;17.81849621, -93.38702213
Thu, 09/16/2021 - 12:00;1;31.66209, -111.85433
Thu, 09/16/2021 - 12:00;1;31.05124289, 61.50177317
Thu, 09/16/2021 - 12:00;1;32.70568, -115.01042
Fri, 09/17/2021 - 12:00;1;46.4125556, 16.01967708
Fri, 09/17/2021 - 12:00;14;36.82881526, 3.620209155
Fri, 09/17/2021 - 12:00;1;29.63186286, 52.51236196
Sat, 09/18/2021 - 12:00;1;32.24412859, -107.7514501
Sat, 09/18/2021 - 12:00;1;31.90397753, -106.8479224
Sat, 09/18/2021 - 12:00;1;14.67595994, -92.15780891
Sun, 09/19/2021 - 12:00;1;53.510074, 23.659591
Sun, 09/19/2021 - 12:00;1;53.83423019, 23.55305731
Sun, 09/19/2021 - 12:00;1;36.95349419, -1.898563152
Sun, 09/19/2021 - 12:00;1;42.210631, 21.720455
Sun, 09/19/2021 - 12:00;1;8.662830635, -77.4515264
Sun, 09/19/2021 - 12:00;1;14.90552517, -92.27643836
Sun, 09/19/2021 - 12:00;1;53.1255268, 23.89113831
Sun, 09/19/2021 - 12:00;1;53.1255268, 23.89113831
Mon, 09/20/2021 - 12:00;1;33.18878453, 12.23894118
Mon, 09/20/2021 - 12:00;1;37.17897533, -1.820605746
Mon, 09/20/2021 - 12:00;2;37.20507909, -1.809776859
Mon, 09/20/2021 - 12:00;1;11.30897542, 42.92694215
Mon, 09/20/2021 - 12:00;1;28.51515365, -99.93694979
Mon, 09/20/2021 - 12:00;1;27.53314626, -99.47857279
Mon, 09/20/2021 - 12:00;1;31.35750937, -110.5212405
Mon, 09/20/2021 - 12:00;1;31.824417, -112.144633
Mon, 09/20/2021 - 12:00;1;31.898, -112.858
Mon, 09/20/2021 - 12:00;2;33.01479981, 12.54897854
Mon, 09/20/2021 - 12:00;1;29.47645121, 60.86744515
Mon, 09/20/2021 - 12:00;1;30.89202146, 61.68389773
Mon, 09/20/2021 - 12:00;1;29.63186286, 52.51236196
Tue, 09/21/2021 - 12:00;1;37.02786727, -1.878227918
Tue, 09/21/2021 - 12:00;1;37.10111108, -1.845793503
Tue, 09/21/2021 - 12:00;1;37.0805528, -1.849939099
Tue, 09/21/2021 - 12:00;1;37.00289911, -1.889138032
Tue, 09/21/2021 - 12:00;2;7.818407903, -72.45051915
Tue, 09/21/2021 - 12:00;1;29.23079891, -100.7982574
Wed, 09/22/2021 - 12:00;1;41.68840291, 26.43975126
Wed, 09/22/2021 - 12:00;1;29.1867619, -100.7660806
Wed, 09/22/2021 - 12:00;1;27.49873766, -99.49971963
Wed, 09/22/2021 - 12:00;4;18.38365176, -95.89020485
Wed, 09/22/2021 - 12:00;1;2.111220199, -76.99031747
Wed, 09/22/2021 - 12:00;1;29.34612492, -100.9572459
Wed, 09/22/2021 - 12:00;1;32.412094, -113.127895
Wed, 09/22/2021 - 12:00;1;32.41607, -113.12907
Wed, 09/22/2021 - 12:00;1;28.95958079, -96.7257861
Thu, 09/23/2021 - 12:00;1;53.67257467, 23.4949234
Thu, 09/23/2021 - 12:00;1;11.10622088, 42.37198843
Thu, 09/23/2021 - 12:00;1;53.543999, 23.676519
Thu, 09/23/2021 - 12:00;1;14.88847072, -92.2415665
Thu, 09/23/2021 - 12:00;1;20.24648794, -99.65855382
Fri, 09/24/2021 - 12:00;1;26.37700292, -98.85966871
Fri, 09/24/2021 - 12:00;30;24.89691933, -16.64870169
Fri, 09/24/2021 - 12:00;9;8.373604577, -77.65411602
Fri, 09/24/2021 - 12:00;1;30.47697108, 54.21225068
Fri, 09/24/2021 - 12:00;1;32.69971, -115.28403
Fri, 09/24/2021 - 12:00;1;32.68046, -116.03436
Sat, 09/25/2021 - 12:00;14;21.35061686, 23.54838468
Sat, 09/25/2021 - 12:00;3;28.95496316, -99.84974059
Sat, 09/25/2021 - 12:00;1;25.81067336, -99.18644184
Sun, 09/26/2021 - 12:00;1;32.143655, -112.766149
Sun, 09/26/2021 - 12:00;1;32.66768159, -115.4576052
Sun, 09/26/2021 - 12:00;1;28.95046741, 57.57054013
Mon, 09/27/2021 - 12:00;4;23.45300865, 23.31333329
Mon, 09/27/2021 - 12:00;1;8.42559721, -76.78843371
Mon, 09/27/2021 - 12:00;1;27.21161534, 60.68482798
Tue, 09/28/2021 - 12:00;1;50.953385, 1.944394
Tue, 09/28/2021 - 12:00;1;46.1055958, 20.261083
Tue, 09/28/2021 - 12:00;1;31.608292, 25.04876311
Tue, 09/28/2021 - 12:00;3;8.373604577, -77.65411602
Tue, 09/28/2021 - 12:00;1;31.83535576, 52.59579061
Tue, 09/28/2021 - 12:00;1;28.91397523, 50.92710097
Wed, 09/29/2021 - 12:00;1;43.83854273, 18.25894372
Wed, 09/29/2021 - 12:00;1;32.55266838, -116.8861104
Wed, 09/29/2021 - 12:00;1;32.707885, -115.004355
Thu, 09/30/2021 - 12:00;57;23.94619731, -15.85483798
Thu, 09/30/2021 - 12:00;1;27.12549763, -98.23087679
Thu, 09/30/2021 - 12:00;1;32.02558, -112.13031
Thu, 09/30/2021 - 12:00;1;31.41571, -109.08638
Thu, 09/30/2021 - 12:00;2;10.92713249, -74.7715589
Thu, 09/30/2021 - 12:00;1;29.63186286, 52.51236196
Fri, 10/01/2021 - 12:00;3;33.72014304, 10.99854839
Fri, 10/01/2021 - 12:00;1;32.79680229, 12.5727577
Fri, 10/01/2021 - 12:00;43;27.247328, -98.126699
Fri, 10/01/2021 - 12:00;1;29.1403563, 58.1782498
Fri, 10/01/2021 - 12:00;1;30.27629382, 57.0662465
Sat, 10/02/2021 - 12:00;39;32.8108283, 12.6303472
Sat, 10/02/2021 - 12:00;2;32.8108283, 12.6303472
Sat, 10/02/2021 - 12:00;1;35.91312057, -5.35552497
Sat, 10/02/2021 - 12:00;1;17.87144182, -94.08377362
Sat, 10/02/2021 - 12:00;1;32.489937, -111.643853
Sat, 10/02/2021 - 12:00;1;31.418889, -110.938056
Sat, 10/02/2021 - 12:00;1;31.05124289, 61.50177317
Sat, 10/02/2021 - 12:00;1;31.05124289, 61.50177317
Sat, 10/02/2021 - 12:00;1;28.91397523, 50.92710097
Sun, 10/03/2021 - 12:00;1;17.48257635, -91.4269431
Sun, 10/03/2021 - 12:00;1;31.05124289, 61.50177317
Sun, 10/03/2021 - 12:00;1;29.1403563, 58.1782498
Mon, 10/04/2021 - 12:00;3;39.16748918, 2.928229486
Tue, 10/05/2021 - 12:00;1;27.247328, -98.126699
Tue, 10/05/2021 - 12:00;1;53.90184923, 24.57575187
Tue, 10/05/2021 - 12:00;1;28.69088472, -100.5388598
Tue, 10/05/2021 - 12:00;1;29.63186286, 52.51236196
Wed, 10/06/2021 - 12:00;2;2.749127, 101.442773
Wed, 10/06/2021 - 12:00;1;32.4559, -111.6436
Wed, 10/06/2021 - 12:00;1;35.68940913, 51.38958967
Wed, 10/06/2021 - 12:00;1;29.46808215, 60.85646074
Wed, 10/06/2021 - 12:00;1;36.07023884, 4.761893153
Thu, 10/07/2021 - 12:00;2;21.098765, -17.533666
Thu, 10/07/2021 - 12:00;2;30.96647402, 61.82204193
Thu, 10/07/2021 - 12:00;1;31.01237785, -104.8442303
Fri, 12/10/2021 - 12:00;1;50.96776759, 1.858168536
Thu, 10/07/2021 - 12:00;1;35.68940913, 51.38958967
Thu, 10/07/2021 - 12:00;1;35.68940913, 51.38958967
Thu, 10/07/2021 - 12:00;1;29.47645121, 60.86744515
Fri, 10/08/2021 - 12:00;10;26.332868, -15.625305
Fri, 10/08/2021 - 12:00;2;16.75154107, -93.10309024
Fri, 10/08/2021 - 12:00;1;31.45417, -109.37305
Fri, 10/08/2021 - 12:00;1;30.27629382, 57.0662465
Sat, 10/09/2021 - 12:00;6;32.84714274, 13.09796326
Sat, 10/09/2021 - 12:00;1;14.89209249, -92.27164504
Sat, 10/09/2021 - 12:00;1;-19.46261815, -68.9278447
Sat, 10/09/2021 - 12:00;1;-19.35990038, -68.51905211
Sat, 10/09/2021 - 12:00;1;22.38292258, -97.90686967
Sat, 10/09/2021 - 12:00;1;28.69855764, -100.5114109
Sat, 10/09/2021 - 12:00;1;35.68940913, 51.38958967
Sat, 10/09/2021 - 12:00;1;30.27629382, 57.0662465
Sat, 10/09/2021 - 12:00;1;30.27629382, 57.0662465
Sat, 10/09/2021 - 12:00;1;30.27629382, 57.0662465
Sun, 10/10/2021 - 12:00;4;13.5159502, -89.33129487
Sun, 10/10/2021 - 12:00;1;32.3667658, 15.01840925
Mon, 10/11/2021 - 12:00;6;33.72408, 12.292263
Mon, 10/11/2021 - 12:00;9;33.72408, 12.292263
Mon, 10/11/2021 - 12:00;1;32.389909, 23.366392
Mon, 10/11/2021 - 12:00;1;27.78481746, -97.65474969
Mon, 10/11/2021 - 12:00;1;31.419583, -111.1771
Mon, 10/11/2021 - 12:00;1;8.937251, -77.212958
Mon, 10/11/2021 - 12:00;2;8.937251, -77.212958
Mon, 10/11/2021 - 12:00;6;8.937251, -77.212958
Mon, 10/11/2021 - 12:00;1;-19.26246544, -68.61877068
Mon, 10/11/2021 - 12:00;3;8.673331633, -77.35773355
Mon, 10/11/2021 - 12:00;1;18.01419815, -94.44612976
Mon, 10/11/2021 - 12:00;1;29.47645121, 60.86744515
Tue, 10/12/2021 - 12:00;3;43.38111137, -1.667733057
Tue, 10/12/2021 - 12:00;1;32.87954424, 13.19048079
Tue, 10/12/2021 - 12:00;5;24.21362616, 23.32752558
Wed, 10/13/2021 - 12:00;1;53.437805, 23.695697
Wed, 10/13/2021 - 12:00;1;9.970011854, 43.4281849
Wed, 10/13/2021 - 12:00;1;32.305756, -113.025369
Thu, 10/14/2021 - 12:00;25;36.19749249, -6.551422936
Thu, 10/14/2021 - 12:00;1;27.19756, -15.081295
Thu, 10/14/2021 - 12:00;1;32.021791, -111.7592845
Thu, 10/14/2021 - 12:00;1;35.68940913, 51.38958967
Thu, 10/14/2021 - 12:00;2;24.121154, 23.264297
Fri, 10/15/2021 - 12:00;1;35.2345951, -3.987640788
Fri, 10/15/2021 - 12:00;1;40.653065, 22.838376
Fri, 10/15/2021 - 12:00;1;25.56016093, -103.5074903
Fri, 10/15/2021 - 12:00;1;32.25398987, 52.50577501
Fri, 10/15/2021 - 12:00;1;27.21161534, 60.68482798
Fri, 10/15/2021 - 12:00;1;28.91397523, 50.92710097
Fri, 10/15/2021 - 12:00;1;29.1403563, 58.1782498
Fri, 10/15/2021 - 12:00;3;21.9674, 24.25379
Fri, 10/15/2021 - 12:00;2;32.75869798, 21.73931047
Sat, 10/16/2021 - 12:00;4;37.02470175, 3.095693662
Sat, 10/16/2021 - 12:00;1;41.365818, 22.249416
Sun, 10/17/2021 - 12:00;1;27.79283828, -15.76206322
Sun, 10/17/2021 - 12:00;12;36.94485888, -1.763043028
Sun, 10/17/2021 - 12:00;23;35.19796725, 11.26021325
Sun, 10/17/2021 - 12:00;1;27.99566687, 57.72427834
Sun, 10/17/2021 - 12:00;1;34.78684104, 50.96974925
Sun, 10/17/2021 - 12:00;1;27.99566687, 57.72427834
Mon, 10/18/2021 - 12:00;1;26.51367847, -99.06444925
Mon, 10/18/2021 - 12:00;1;31.75722, -111.42424
Mon, 10/18/2021 - 12:00;1;7.916321729, -72.4623122
Mon, 10/18/2021 - 12:00;1;35.68940913, 51.38958967
Mon, 10/18/2021 - 12:00;1;29.63186286, 52.51236196
Tue, 10/19/2021 - 12:00;2;47.770183, 16.618461
Tue, 10/19/2021 - 12:00;3;29.495425, 16.20458975
Tue, 10/19/2021 - 12:00;1;52.19667601, 23.37035207
Tue, 10/19/2021 - 12:00;1;-19.2816281, -68.62696388
Tue, 10/19/2021 - 12:00;1;36.07730236, 49.87005574
Tue, 10/19/2021 - 12:00;1;36.47799718, 52.06823445
Wed, 10/20/2021 - 12:00;1;50.954019, 1.911018
Wed, 10/20/2021 - 12:00;1;31.51061, -111.24361
Wed, 10/20/2021 - 12:00;1;29.63186286, 52.51236196
Wed, 10/20/2021 - 12:00;1;29.63186286, 52.51236196
Wed, 10/20/2021 - 12:00;1;28.23007995, 61.19603687
Wed, 10/20/2021 - 12:00;1;53.11681087, 23.70831182
Thu, 10/21/2021 - 12:00;1;-19.28207463, -68.62450408
Thu, 10/21/2021 - 12:00;1;28.23007995, 61.19603687
Thu, 10/21/2021 - 12:00;1;28.23007995, 61.19603687
Thu, 10/21/2021 - 12:00;1;32.71172, -114.94273
Fri, 10/22/2021 - 12:00;1;53.57723, 23.619294
Fri, 10/22/2021 - 12:00;2;41.24954, 26.355966
Fri, 10/22/2021 - 12:00;1;33.08469, 12.494278
Fri, 10/22/2021 - 12:00;2;8.546665299, -77.48944688
Fri, 10/22/2021 - 12:00;1;28.91397523, 50.92710097
Sat, 10/23/2021 - 12:00;1;35.26093563, -3.927007978
Sat, 10/23/2021 - 12:00;1;41.302883, 22.438162
Sat, 10/23/2021 - 12:00;1;41.302883, 22.438162
Sat, 10/23/2021 - 12:00;1;35.886698, -5.292415
Sat, 10/23/2021 - 12:00;1;31.05124289, 61.50177317
Sat, 10/23/2021 - 12:00;1;29.63186286, 52.51236196
Sat, 10/23/2021 - 12:00;1;29.1403563, 58.1782498
Sun, 10/24/2021 - 12:00;8;26.125388, -15.418416
Sun, 10/24/2021 - 12:00;1;29.1403563, 58.1782498
Sun, 10/24/2021 - 12:00;1;31.05124289, 61.50177317
Sun, 10/24/2021 - 12:00;1;28.8980463, 50.87978635
Sun, 10/24/2021 - 12:00;1;31.88472913, 54.33057395
Mon, 10/25/2021 - 12:00;1;51.886299, 1.54785
Mon, 10/25/2021 - 12:00;1;14.75173302, -92.17226187
Mon, 10/25/2021 - 12:00;1;29.33243, -100.940001
Mon, 10/25/2021 - 12:00;1;16.77257029, -93.10414336
Mon, 10/25/2021 - 12:00;1;29.63186286, 52.51236196
Mon, 10/25/2021 - 12:00;1;29.63186286, 52.51236196
Mon, 10/25/2021 - 12:00;1;29.63186286, 52.51236196
Mon, 10/25/2021 - 12:00;1;28.23007995, 61.19603687
Mon, 10/25/2021 - 12:00;1;29.47645121, 60.86744515
Mon, 10/25/2021 - 12:00;1;28.23007995, 61.19603687
Mon, 10/25/2021 - 12:00;1;29.63186286, 52.51236196
Tue, 10/26/2021 - 12:00;5;38.298699, 26.161462
Tue, 10/26/2021 - 12:00;1;35.2035803, -2.925599336
Tue, 10/26/2021 - 12:00;1;32.584311, -115.384244
Tue, 10/26/2021 - 12:00;1;14.91650449, -92.26968693
Tue, 10/26/2021 - 12:00;1;30.27629382, 57.0662465
Wed, 10/27/2021 - 12:00;1;14.75173302, -92.17226187
Wed, 10/27/2021 - 12:00;2;18.41896149, -69.45150171
Wed, 10/27/2021 - 12:00;1;37.56427965, 44.95937698
Wed, 10/27/2021 - 12:00;1;29.47556374, 55.67268392
Wed, 10/27/2021 - 12:00;1;30.27629382, 57.0662465
Wed, 10/27/2021 - 12:00;1;32.768691, -114.645175
Thu, 10/28/2021 - 12:00;1;28.765054, -100.528801
Thu, 10/28/2021 - 12:00;1;32.46229, -111.709361
Thu, 10/28/2021 - 12:00;1;30.27629382, 57.0662465
Thu, 10/28/2021 - 12:00;1;27.1793466, 56.2781423
Fri, 10/29/2021 - 12:00;4;31.482035, -104.843594
Fri, 10/29/2021 - 12:00;1;32.537111, -117.124306
Fri, 10/29/2021 - 12:00;1;52.37118772, 23.25959509
Fri, 10/29/2021 - 12:00;1;51.20999235, 14.93870326
Fri, 10/29/2021 - 12:00;1;32.456583, -111.636
Fri, 10/29/2021 - 12:00;14;33.01479981, 12.54897854
Sat, 10/30/2021 - 12:00;1;34.6331529, 50.85617289
Sat, 10/30/2021 - 12:00;1;34.6331529, 50.85617289
Sat, 10/30/2021 - 12:00;1;34.6331529, 50.85617289
Sat, 10/30/2021 - 12:00;1;34.6331529, 50.85617289
Sat, 10/30/2021 - 12:00;1;35.4030708, 65.951199
Sun, 10/31/2021 - 12:00;1;15.690987, -93.200506
Sun, 10/31/2021 - 12:00;1;15.62888275, -93.16560796
Sun, 10/31/2021 - 12:00;1;53.90854342, 27.54825981
Mon, 11/01/2021 - 12:00;4;30.956002, 66.434977
Mon, 11/01/2021 - 12:00;1;27.21161534, 60.68482798
Mon, 11/01/2021 - 12:00;1;27.99566687, 57.72427834
Mon, 11/01/2021 - 12:00;1;29.47645121, 60.86744515
Tue, 11/02/2021 - 12:00;1;24.30139889, -15.33444668
Tue, 11/02/2021 - 12:00;1;27.299718, -14.062667
Tue, 11/02/2021 - 12:00;5;13.384507, 102.126183
Tue, 11/02/2021 - 12:00;1;31.88472913, 54.33057395
Tue, 11/02/2021 - 12:00;1;27.21161534, 60.68482798
Tue, 11/02/2021 - 12:00;1;27.21161534, 60.68482798
Tue, 11/02/2021 - 12:00;1;27.21161534, 60.68482798
Tue, 11/02/2021 - 12:00;1;27.21161534, 60.68482798
Wed, 11/03/2021 - 12:00;2;51.097259, 2.06455
Wed, 11/03/2021 - 12:00;1;28.69718335, -100.3980276
Wed, 11/03/2021 - 12:00;1;32.47055, -113.12511
Wed, 11/03/2021 - 12:00;1;32.47054, -113.11639
Wed, 11/03/2021 - 12:00;1;29.33791843, -100.9419056
Wed, 11/03/2021 - 12:00;1;27.21161534, 60.68482798
Wed, 11/03/2021 - 12:00;1;29.63186286, 52.51236196
Wed, 11/03/2021 - 12:00;1;35.4030708, 65.951199
Thu, 11/04/2021 - 12:00;1;50.888161, 1.660781
Thu, 11/04/2021 - 12:00;1;50.945095, 1.895409
Thu, 11/04/2021 - 12:00;1;32.09045, -111.67715
Thu, 11/04/2021 - 12:00;1;29.33100471, -100.9371237
Thu, 11/04/2021 - 12:00;1;27.50484485, 62.75022748
Fri, 11/05/2021 - 12:00;3;36.977796, 27.401169
Fri, 11/05/2021 - 12:00;1;31.39332143, 22.28870139
Fri, 11/05/2021 - 12:00;1;29.63186286, 52.51236196
Fri, 11/05/2021 - 12:00;1;27.99566687, 57.72427834
Fri, 11/05/2021 - 12:00;1;26.14844899, 14.72850186
Sat, 11/06/2021 - 12:00;4;36.700212, 67.087198
Sat, 11/06/2021 - 12:00;1;43.78612555, 7.529977308
Sat, 11/06/2021 - 12:00;3;16.700986, 99.24197
Sat, 11/06/2021 - 12:00;1;27.35022729, 62.35316592
Sat, 11/06/2021 - 12:00;1;27.35022729, 62.35316592
Sat, 11/06/2021 - 12:00;1;27.35022729, 62.35316592
Sat, 11/06/2021 - 12:00;1;30.30573986, 56.00364259
Sun, 11/07/2021 - 12:00;1;9.527325663, 45.55266379
Sun, 11/07/2021 - 12:00;1;8.66027001, -77.37263742
Sun, 11/07/2021 - 12:00;1;27.35022729, 62.35316592
Sun, 11/07/2021 - 12:00;1;30.27629382, 57.0662465
Mon, 11/08/2021 - 12:00;1;32.796608, 12.563574
Mon, 11/08/2021 - 12:00;1;53.66069218, 23.63893303
Mon, 11/08/2021 - 12:00;1;31.78388571, -106.6739087
Mon, 11/08/2021 - 12:00;1;24.1823415, 23.2912055
Tue, 11/09/2021 - 12:00;1;27.35145783, -99.39363979
Tue, 11/09/2021 - 12:00;1;-19.28207854, -68.62362488
Tue, 11/09/2021 - 12:00;12;17.72355831, -92.01214329
Tue, 11/09/2021 - 12:00;1;28.74146784, -100.5149548
Tue, 11/09/2021 - 12:00;1;31.74643378, -106.4874159
Tue, 11/09/2021 - 12:00;1;27.35022729, 62.35316592
Tue, 11/09/2021 - 12:00;1;32.6865, -115.45549
Wed, 11/10/2021 - 12:00;1;53.52049107, 23.6783989
Wed, 11/10/2021 - 12:00;1;28.6936675, -100.5106763
Wed, 11/10/2021 - 12:00;1;28.72996721, 53.33652472
Thu, 11/11/2021 - 12:00;1;30.919475, -105.367605
Thu, 11/11/2021 - 12:00;12;31.34266, -105.526907
Thu, 11/11/2021 - 12:00;7;33.83200111, -7.121090617
Thu, 11/11/2021 - 12:00;3;51.02534458, 1.550376163
Thu, 11/11/2021 - 12:00;1;37.34119197, 27.27852704
Thu, 11/11/2021 - 12:00;1;31.447194, -110.106028
Fri, 11/12/2021 - 12:00;1;27.46325091, -99.47690982
Fri, 11/12/2021 - 12:00;1;27.46325091, -99.47690982
Fri, 11/12/2021 - 12:00;1;31.695683, -111.9953
Fri, 11/12/2021 - 12:00;1;31.83074842, -110.707795
Fri, 11/12/2021 - 12:00;1;31.83074842, -110.707795
Fri, 11/12/2021 - 12:00;1;29.63186286, 52.51236196
Fri, 11/12/2021 - 12:00;1;30.27629382, 57.0662465
Sat, 11/13/2021 - 12:00;3;43.17727757, 22.57856948
Sat, 11/13/2021 - 12:00;1;52.51474331, 23.39347166
Sat, 11/13/2021 - 12:00;1;29.63186286, 52.51236196
Sat, 11/13/2021 - 12:00;14;32.93942512, 12.08592631
Sat, 11/13/2021 - 12:00;1;24.12685469, 23.50183722
Sun, 11/14/2021 - 12:00;1;27.75723993, -15.68548428
Sun, 11/14/2021 - 12:00;1;27.77040552, -15.64368925
Sun, 11/14/2021 - 12:00;7;27.20099237, -15.32732696
Sun, 11/14/2021 - 12:00;1;12.285716, 43.363376
Sun, 11/14/2021 - 12:00;1;11.32255621, -72.61491778
Sun, 11/14/2021 - 12:00;1;29.1403563, 58.1782498
Sun, 11/14/2021 - 12:00;1;29.1403563, 58.1782498
Mon, 11/15/2021 - 12:00;2;27.28180765, -15.09610647
Mon, 11/15/2021 - 12:00;1;31.51492, -110.83563
Tue, 11/16/2021 - 12:00;2;33.15417064, 12.19497854
Tue, 11/16/2021 - 12:00;5;33.15417064, 12.19497854
Tue, 11/16/2021 - 12:00;1;33.15417064, 12.19497854
Tue, 11/16/2021 - 12:00;1;33.15417064, 12.19497854
Tue, 11/16/2021 - 12:00;1;33.15417064, 12.19497854
Wed, 11/17/2021 - 12:00;77;33.20428471, 11.59477116
Wed, 11/17/2021 - 12:00;1;29.337114, -100.9419958
Wed, 11/17/2021 - 12:00;4;-35.43270714, -71.66583546
Thu, 11/18/2021 - 12:00;1;52.75983001, 23.92681273
Thu, 11/18/2021 - 12:00;1;23.78196679, -15.90116199
Thu, 11/18/2021 - 12:00;2;25.74547699, -15.96313482
Thu, 11/18/2021 - 12:00;1;28.50894329, -100.2978741
Thu, 11/18/2021 - 12:00;1;27.21161534, 60.68482798
Fri, 11/19/2021 - 12:00;1;35.88883629, -5.293346017
Fri, 11/19/2021 - 12:00;1;36.55576376, 31.99029783
Fri, 11/19/2021 - 12:00;1;27.99566687, 57.72427834
Fri, 11/19/2021 - 12:00;1;27.1793466, 56.2781423
Fri, 11/19/2021 - 12:00;3;32.060497, 12.392691
Sat, 11/20/2021 - 12:00;1;43.295348, -1.729753755
Sat, 11/20/2021 - 12:00;1;26.18597568, -98.2218036
Sat, 11/20/2021 - 12:00;1;40.9894144, 26.34719477
Sat, 11/20/2021 - 12:00;1;28.6936675, -100.5106763
Sat, 11/20/2021 - 12:00;1;29.49140341, 55.69568655
Sat, 11/20/2021 - 12:00;1;27.55323146, 14.26638654
Sun, 11/21/2021 - 12:00;1;34.79151467, 23.42076936
Mon, 11/22/2021 - 12:00;1;26.18597568, -98.2218036
Mon, 11/22/2021 - 12:00;1;7.267182998, -73.15006879
Mon, 11/22/2021 - 12:00;1;35.68940913, 51.38958967
Tue, 11/23/2021 - 12:00;14;23.37530735, -16.72927617
Tue, 11/23/2021 - 12:00;1;52.01261075, 14.72493172
Wed, 11/24/2021 - 12:00;1;51.035818, 1.91888
Wed, 11/24/2021 - 12:00;3;51.035818, 1.91888
Wed, 11/24/2021 - 12:00;1;51.035818, 1.91888
Wed, 11/24/2021 - 12:00;4;51.035818, 1.91888
Wed, 11/24/2021 - 12:00;1;51.035818, 1.91888
Wed, 11/24/2021 - 12:00;1;51.035818, 1.91888
Wed, 11/24/2021 - 12:00;16;51.035818, 1.91888
Wed, 11/24/2021 - 12:00;1;31.75327019, -106.4227072
Wed, 11/24/2021 - 12:00;1;31.55340819, -111.0488462
Wed, 11/24/2021 - 12:00;1;31.76157513, -106.5108068
Wed, 11/24/2021 - 12:00;1;35.68940913, 51.38958967
Wed, 11/24/2021 - 12:00;1;35.68940913, 51.38958967
Wed, 11/24/2021 - 12:00;1;35.68940913, 51.38958967
Wed, 11/24/2021 - 12:00;1;35.68940913, 51.38958967
Wed, 11/24/2021 - 12:00;1;35.68940913, 51.38958967
Wed, 11/24/2021 - 12:00;1;35.68940913, 51.38958967
Wed, 11/24/2021 - 12:00;1;29.62014626, 52.56665007
Wed, 11/24/2021 - 12:00;1;29.2661428, 51.2120597
Thu, 11/25/2021 - 12:00;2;27.554819, -13.351429
Thu, 11/25/2021 - 12:00;1;43.805909, 7.593366
Thu, 11/25/2021 - 12:00;1;32.39344, -113.15643
Thu, 11/25/2021 - 12:00;1;32.39351, -113.15721
Thu, 11/25/2021 - 12:00;1;32.39028, -113.1462
Thu, 11/25/2021 - 12:00;1;32.39372, -113.15846
Thu, 11/25/2021 - 12:00;8;18.99070006, -69.04945875
Thu, 11/25/2021 - 12:00;1;35.68940913, 51.38958967
Thu, 11/25/2021 - 12:00;1;30.27629382, 57.0662465
Thu, 11/25/2021 - 12:00;1;31.88472913, 54.33057395
Thu, 11/25/2021 - 12:00;1;30.30573986, 56.00364259
Thu, 11/25/2021 - 12:00;1;30.30573986, 56.00364259
Fri, 11/26/2021 - 12:00;6;26.623789, -15.325887
Fri, 11/26/2021 - 12:00;1;27.20337126, 60.6923812
Fri, 11/26/2021 - 12:00;1;31.614556, 25.049695
Fri, 11/26/2021 - 12:00;3;12.63559614, 9.385638472
Sat, 11/27/2021 - 12:00;2;27.260541, -14.137639
Sat, 11/27/2021 - 12:00;1;45.127904, 19.195741
Sat, 11/27/2021 - 12:00;1;55.338248, 26.637025
Sat, 11/27/2021 - 12:00;2;35.890415, -5.277057
Sat, 11/27/2021 - 12:00;1;31.05124289, 61.50177317
Sat, 11/27/2021 - 12:00;2;32.89071987, 13.19425803
Sun, 11/28/2021 - 12:00;1;45.730498, 19.078019
Sun, 11/28/2021 - 12:00;1;53.897747, 24.439655
Sun, 11/28/2021 - 12:00;1;28.69945954, -100.5113811
Mon, 11/29/2021 - 12:00;1;31.688633, -112.019333
Mon, 11/29/2021 - 12:00;7;21.882519, -72.333389
Mon, 11/29/2021 - 12:00;1;27.20337126, 60.6923812
Tue, 11/30/2021 - 12:00;5;33.01479981, 12.54897854
Tue, 11/30/2021 - 12:00;1;35.68940913, 51.38958967
Tue, 11/30/2021 - 12:00;1;29.63186286, 52.51236196
Wed, 12/01/2021 - 12:00;1;37.24998723, 9.376958137
Wed, 12/01/2021 - 12:00;1;45.23274832, 15.54012814
Wed, 12/01/2021 - 12:00;24;33.01479981, 12.54897854
Wed, 12/01/2021 - 12:00;1;-19.27003028, -68.62313648
Wed, 12/01/2021 - 12:00;1;35.68940913, 51.38958967
Wed, 12/01/2021 - 12:00;1;29.1403563, 58.1782498
Wed, 12/01/2021 - 12:00;1;37.462861, 70.002676
Thu, 12/02/2021 - 12:00;1;27.81738, -13.931204
Thu, 12/02/2021 - 12:00;1;31.42536159, -106.1249055
Thu, 12/02/2021 - 12:00;2;33.01479981, 12.54897854
Fri, 12/03/2021 - 12:00;2;36.935425, 27.362576
Fri, 12/03/2021 - 12:00;1;52.74622975, 23.61071211
Fri, 12/03/2021 - 12:00;1;26.715491, -98.525629
Fri, 12/03/2021 - 12:00;1;24.933683, 14.634792
Sat, 12/04/2021 - 12:00;1;37.26686035, 9.463464329
Sun, 12/05/2021 - 12:00;1;30.92051284, -104.6716081
Sun, 12/05/2021 - 12:00;1;32.31200916, 54.0212767
Mon, 12/06/2021 - 12:00;1;45.45970856, 13.64122156
Mon, 12/06/2021 - 12:00;23;13.23329457, 6.728968406
Mon, 12/06/2021 - 12:00;3;35.28445362, -3.014215991
Mon, 12/06/2021 - 12:00;1;33.01479981, 12.54897854
Mon, 12/06/2021 - 12:00;1;31.88472913, 54.33057395
Mon, 12/06/2021 - 12:00;1;31.88472913, 54.33057395
Tue, 12/07/2021 - 12:00;1;28.72504964, -100.5090504
Tue, 12/07/2021 - 12:00;1;35.68940913, 51.38958967
Tue, 12/07/2021 - 12:00;1;31.88472913, 54.33057395
Tue, 12/07/2021 - 12:00;1;31.88472913, 54.33057395
Tue, 12/07/2021 - 12:00;1;29.63186286, 52.51236196
Tue, 12/07/2021 - 12:00;1;29.63186286, 52.51236196
Tue, 12/07/2021 - 12:00;1;29.1403563, 58.1782498
Tue, 12/07/2021 - 12:00;1;36.7347725, 70.811995
Wed, 12/08/2021 - 12:00;1;52.85481245, 23.86814777
Wed, 12/08/2021 - 12:00;3;14.591986, 100.500401
Wed, 12/08/2021 - 12:00;29;33.01479981, 12.54897854
Wed, 12/08/2021 - 12:00;1;27.36577836, 62.33531363
Wed, 12/08/2021 - 12:00;1;29.49140341, 55.69568655
Wed, 12/08/2021 - 12:00;1;29.63186286, 52.51236196
Wed, 12/08/2021 - 12:00;1;19.720003, 5.68523
Thu, 12/09/2021 - 12:00;1;45.44366725, 13.6772452
Thu, 12/09/2021 - 12:00;1;23.92794499, -15.78800626
Thu, 12/09/2021 - 12:00;1;33.01479981, 12.54897854
Thu, 12/09/2021 - 12:00;41;16.74175537, -93.03719285
Thu, 12/09/2021 - 12:00;9;16.74175537, -93.03719285
Thu, 12/09/2021 - 12:00;1;16.74175537, -93.03719285
Thu, 12/09/2021 - 12:00;3;16.74175537, -93.03719285
Thu, 12/09/2021 - 12:00;1;29.345707, -100.947238
Fri, 12/10/2021 - 12:00;2;23.280853, -81.919517
Fri, 12/10/2021 - 12:00;1;27.1793466, 56.2781423
Fri, 12/10/2021 - 12:00;1;30.27629382, 57.0662465
Sat, 12/11/2021 - 12:00;1;31.68336334, -111.771129
Sat, 12/11/2021 - 12:00;1;31.05124289, 61.50177317
Sat, 12/11/2021 - 12:00;27;16.97421563, 7.986253437
Sun, 12/12/2021 - 12:00;1;33.01479981, 12.54897854
Sun, 12/12/2021 - 12:00;7;12.501255, -61.490715
Sun, 12/12/2021 - 12:00;1;21.0172671, 12.30021461
Mon, 12/13/2021 - 12:00;7;46.236862, 19.871051
Mon, 12/13/2021 - 12:00;1;35.88900369, -5.294182054
Mon, 12/13/2021 - 12:00;2;29.45303828, 59.68287884
Mon, 12/13/2021 - 12:00;5;31.89119835, 54.36801167
Mon, 12/13/2021 - 12:00;14;26.7963221, 14.76580271
Tue, 12/14/2021 - 12:00;1;35.17991902, -2.914645109
Tue, 12/14/2021 - 12:00;1;33.01479981, 12.54897854
Tue, 12/14/2021 - 12:00;2;16.74885049, -93.07477435
Tue, 12/14/2021 - 12:00;1;32.457526, -111.642319
Tue, 12/14/2021 - 12:00;6;31.92288306, 54.32441645
Wed, 12/15/2021 - 12:00;12;33.31768127, 11.62858845
Wed, 12/15/2021 - 12:00;6;33.31768127, 11.62858845
Wed, 12/15/2021 - 12:00;1;33.31768127, 11.62858845
Wed, 12/15/2021 - 12:00;1;33.31768127, 11.62858845
Wed, 12/15/2021 - 12:00;37;1.627482545, 104.3150323
Wed, 12/15/2021 - 12:00;1;35.68940913, 51.38958967
Wed, 12/15/2021 - 12:00;1;29.1403563, 58.1782498
Wed, 12/15/2021 - 12:00;1;28.344805, -100.392501
Thu, 12/16/2021 - 12:00;6;33.92652965, 10.86596099
Thu, 12/16/2021 - 12:00;1;35.28499617, 12.5961634
Thu, 12/16/2021 - 12:00;2;35.28499617, 12.5961634
Thu, 12/16/2021 - 12:00;1;31.784103, -106.590148
Thu, 12/16/2021 - 12:00;1;31.7892, -112.3544
Thu, 12/16/2021 - 12:00;1;35.68940913, 51.38958967
Fri, 12/17/2021 - 12:00;1;29.316474, -100.906933
Fri, 12/17/2021 - 12:00;1;25.712149, -15.318394
Fri, 12/17/2021 - 12:00;11;32.92694, 12.55682
Fri, 12/17/2021 - 12:00;64;32.92694, 12.55682
Fri, 12/17/2021 - 12:00;5;32.92694, 12.55682
Fri, 12/17/2021 - 12:00;1;32.92694, 12.55682
Fri, 12/17/2021 - 12:00;4;32.92694, 12.55682
Fri, 12/17/2021 - 12:00;6;32.92694, 12.55682
Fri, 12/17/2021 - 12:00;3;32.92694, 12.55682
Fri, 12/17/2021 - 12:00;8;32.92694, 12.55682
Fri, 12/17/2021 - 12:00;1;35.51901136, 51.61749223
Fri, 12/17/2021 - 12:00;1;30.27629382, 57.0662465
Sat, 12/18/2021 - 12:00;17;21.501667, -20.148333
Sat, 12/18/2021 - 12:00;61;32.87826278, 12.4675193
Sat, 12/18/2021 - 12:00;1;50.9887958, 1.969876921
Sat, 12/18/2021 - 12:00;1;35.76981593, 51.43052392
Sun, 12/19/2021 - 12:00;1;40.96188, 24.402181
Sun, 12/19/2021 - 12:00;1;22.64824868, 91.1093487
Sun, 12/19/2021 - 12:00;1;30.27629382, 57.0662465
Sun, 12/19/2021 - 12:00;1;27.35022729, 62.35316592
Sun, 12/19/2021 - 12:00;1;28.91397523, 50.92710097
Sun, 12/19/2021 - 12:00;1;22.74041316, 5.619747032
Sun, 12/19/2021 - 12:00;1;24.21362616, 23.32752558
Sun, 12/19/2021 - 12:00;9;6.650461, -77.747508
Mon, 12/20/2021 - 12:00;1;41.20768956, 26.3288103
Mon, 12/20/2021 - 12:00;1;41.20768956, 26.3288103
Mon, 12/20/2021 - 12:00;1;41.60184621, 26.59774884
Mon, 12/20/2021 - 12:00;2;33.01479981, 12.54897854
Mon, 12/20/2021 - 12:00;1;50.943662, 1.939685
Mon, 12/20/2021 - 12:00;17;25.056323, -22.893275
Tue, 12/21/2021 - 12:00;35;36.59486502, 24.96125227
Tue, 12/21/2021 - 12:00;2;36.59486502, 24.96125227
Tue, 12/21/2021 - 12:00;7;36.08663895, -0.315090086
Tue, 12/21/2021 - 12:00;1;33.01479981, 12.54897854
Tue, 12/21/2021 - 12:00;1;30.27629382, 57.0662465
Tue, 12/21/2021 - 12:00;1;29.63186286, 52.51236196
Wed, 12/22/2021 - 12:00;1;40.81622419, 26.29979817
Wed, 12/22/2021 - 12:00;3;41.6738919, 26.46499074
Wed, 12/22/2021 - 12:00;1;33.01479981, 12.54897854
Wed, 12/22/2021 - 12:00;4;36.07023884, 4.761893153
Wed, 12/22/2021 - 12:00;3;36.07023884, 4.761893153
Wed, 12/22/2021 - 12:00;3;27.02644069, 14.43604882
Wed, 12/22/2021 - 12:00;1;-19.27489006, -68.64026
Thu, 12/23/2021 - 12:00;2;34.51930268, -1.843305943
Thu, 12/23/2021 - 12:00;5;33.01479981, 12.54897854
Thu, 12/23/2021 - 12:00;1;35.68940913, 51.38958967
Thu, 12/23/2021 - 12:00;10;10.51105527, -61.737821
Fri, 12/24/2021 - 12:00;11;36.27736933, 23.09420429
Fri, 12/24/2021 - 12:00;1;31.914255, -111.984646
Fri, 12/24/2021 - 12:00;1;29.63186286, 52.51236196
Sat, 12/25/2021 - 12:00;25;37.09629177, 25.13723325
Sat, 12/25/2021 - 12:00;10;33.01479981, 12.54897854
Sat, 12/25/2021 - 12:00;3;33.01479981, 12.54897854
Sat, 12/25/2021 - 12:00;1;33.01479981, 12.54897854
Sat, 12/25/2021 - 12:00;1;33.01479981, 12.54897854
Sat, 12/25/2021 - 12:00;31;33.01479981, 12.54897854
Sat, 12/25/2021 - 12:00;1;33.01479981, 12.54897854
Sat, 12/25/2021 - 12:00;22;3.449626614, 100.9802045
Sat, 12/25/2021 - 12:00;1;32.65243001, -116.8548968
Sat, 12/25/2021 - 12:00;1;28.91397523, 50.92710097
Sat, 12/25/2021 - 12:00;1;27.022107, 14.428863
Sat, 12/25/2021 - 12:00;1;37.462861, 70.002676
Sun, 12/26/2021 - 12:00;1;-3.256664171, -79.873646
Mon, 12/27/2021 - 12:00;1;35.68940913, 51.38958967
Mon, 12/27/2021 - 12:00;1;40.82499214, 26.302935
Mon, 12/27/2021 - 12:00;1;31.35103019, 48.72688472
Mon, 12/27/2021 - 12:00;3;36.71119108, 2.817829928
Mon, 12/27/2021 - 12:00;1;34.6897687, 70.145581
Mon, 12/27/2021 - 12:00;1;25.57028983, -100.94349
Tue, 12/28/2021 - 12:00;2;33.01479981, 12.54897854
Tue, 12/28/2021 - 12:00;1;33.01479981, 12.54897854
Tue, 12/28/2021 - 12:00;2;33.01479981, 12.54897854
Tue, 12/28/2021 - 12:00;1;31.944159, -111.84184
Tue, 12/28/2021 - 12:00;1;35.68940913, 51.38958967
Tue, 12/28/2021 - 12:00;1;35.68940913, 51.38958967
Tue, 12/28/2021 - 12:00;1;35.68940913, 51.38958967
Tue, 12/28/2021 - 12:00;1;35.68940913, 51.38958967
Tue, 12/28/2021 - 12:00;1;28.80621926, -100.539882
Wed, 12/29/2021 - 12:00;1;28.6958926, -100.50903
Wed, 12/29/2021 - 12:00;1;35.68940913, 51.38958967
Thu, 12/30/2021 - 12:00;1;33.01479981, 12.54897854
Thu, 12/30/2021 - 12:00;1;33.01479981, 12.54897854
Thu, 12/30/2021 - 12:00;1;36.95282983, 7.768077993
Thu, 12/30/2021 - 12:00;2;24.93411036, 14.6332043
Fri, 12/31/2021 - 12:00;2;33.01479981, 12.54897854
Fri, 12/31/2021 - 12:00;1;33.01479981, 12.54897854
Fri, 12/31/2021 - 12:00;1;40.94315389, 26.34585211
Fri, 12/31/2021 - 12:00;6;33.01479981, 12.54897854
Fri, 12/31/2021 - 12:00;55;-12.565108, 44.862988
Fri, 12/31/2021 - 12:00;1;8.57402039, 95.833455
Tue, 11/30/2021 - 12:00;19;-4.773629561, 39.22732805
Fri, 12/31/2021 - 12:00;22;-4.872045347, 39.1037957
